,代号,英文代号,本名,别号,性别,发色,瞳色,身高,生日,种族,职业,职能,专精,萌点,出身地区,所属团体,个人状态,角色EP,画师,生命上限,攻击,防御,法术抗性,再部署,部署费用,阻挡数,攻击速度,职业细分,活动范围,位置,体重,年龄,出生地区,干员编号,所属团队,三围,角色歌,出厂日,产地,重量,设定性别
0,推进之王,Siege,亚历山德莉娜・维娜・维多利亚,维娜、推王、王小姐、卡手之王、阿尔推莉雅、锤呆、王维娜、王大锤,女,金发,棕瞳,172cm,7月10日,阿斯兰,先锋,帮派领袖,械斗,兽耳、乱发、M形刘海、巨乳、无袖背心、夹克、热裤、尾巴、叼棒棒糖、女王、有胸的帅哥、锤、组织领导人、双重身份,维多利亚,格拉斯哥帮、典范军,领导典范军进行活动,《ManiFesto:》《Rekindle》,Infukun,911/2251,212/515,154/384,0/0,慢 70秒,12月14日,2,中等 1.05秒,,,,,,,,,,,,,,
1,风笛,Bagpipe,菲奥娜・杨,拖拉机少女、二乃,女,橙发,蓝瞳,167cm,7月17日,瓦伊凡,先锋,,驾驶（拖拉机）、农业生产、武器技巧（军事）,角、龙娘、超短裙、长直、笨蛋、绝对领域、黑色过膝袜、方言、天然呆、元气、军人、电器杀手、村姑、铳枪、腹肌(时装限定),维多利亚,,,《故乡的风》,U介,975/2484,250/586,173/382,0/0,慢 70秒,11月13日,1,快 1.0秒,,,,,,,,,,,,,,
2,嵯峨,Saga,,小僧、黑柴、搓鹅、狂暴要饭组长、几把狗/几把猫,女,黑发,棕瞳,164cm,12月31日,佩洛,先锋,,S刀术、坐禅、料理（东国斋菜）,武僧、僧侣、姬发式、元气、吃货、S刀、特殊第一人称、兽耳、木屐、眉心印、足袋、大智若愚,东国,东,,《观心》,多元菌,892/2205,218/530,148/372,0/0,慢 70秒,12月14日,2,中等 1.05秒,,,,,,,,,,,,,,
3,琴柳,Saileach,简・薇洛,简妮、76、清流（读音相似）、洗脚村姑（精二立绘）、迪士尼在逃公主、嵌合超载龙,女,金发,蓝瞳,166cm,5月31日,瓦伊凡,先锋,,掌旗行进、美发美角养护,角、双麻花辫、踩脚袜、绝对领域、绝对空域、发箍、超长发、巨乳,维多利亚,,,《Towards Her Light》,下野宏铭,771/1835,243/546,169/367,0/0,慢 70秒,10月12日,1,较慢 1.3秒,执旗手,,,,,,,,,,,,,
4,焰尾,Flametail,索娜,小松鼠、团长、唢呐、刘备,女,红发,棕瞳,159cm,10月8日,札拉克,先锋,,骑士竞技、人际关系,兽耳、元气、尾巴、骑士、松鼠娘、盔甲、腿环、西洋剑、蜜汁锅铲、组织领导人,卡西米尔,红松骑士团,,《Bridge to the Dawn》《Field in the Light》,NoriZC,864/2138,216/526,157/392,0/0,慢 70秒,12月14日,2,中等 1.05秒,,卡西米尔,,,,,,,,,,,,
5,伺夜,Vigil,莱昂图索・贝洛内,莱昂、四爷、夜太狼、B三狼,男,黑发,金瞳,174cm,1月15日,鲁珀,先锋,,谈判、近身格斗,兽耳、尾巴、黑社会人士、傲娇、挑食、料理达人,叙拉古,,前往新沃尔西尼,《Go My Way》,hou,785/1755,195/462,54/154,0/0,慢 70秒,15/17,1,快 1.0秒,,,远程位,,,,,,,,,,,
6,伊内丝,Ines,,ins、腿很白的伊内丝、土豆地雷,,黑发,金瞳,,,未公开卡普里尼,萨卡兹雇佣兵,,情报收集、潜行、缝纫技巧,傲娇、黑长直、巨乳、口嫌体正直、反差萌、佣兵、长靴、我死两次,卡兹戴尔,萨卡兹雇佣兵→罗德岛,存活，加入罗德岛,《Squad Unknown》,Liduke,1000/2121,256/589,106/281,0/0,中等 35秒,9月11日,1,快 1.0秒,,卡兹戴尔→乌萨斯→维多利亚,,,,,,,,,,,,
7,缪尔赛思,Muelsyse,,缪缪、弱小又无助只求生存的小可怜、壶中精灵、壶里精、水人,女,亚麻绿发,黄瞳,169cm,11月3日,精灵,先锋,科研人员，生态科主任,生态学、源石技艺（水）,长直、尖耳、腹黑、项圈、中靴、泪痣、调皮、水能力,未公开,莱茵生命,,《Snowy Night》《Morning Dew》,NoriZC,811/1813,210/497,40/117,0/0,慢 70秒,13/15,1,快 1.0秒,,,,,,,,,,,,,,
8,陈,Ch'en,陈晖洁,陈Sir、老陈、陈长官、陈小姐、陈陈、龙姐姐、剑陈、女游客C、龙井茶（龙警察）、陈非凡、仆街龙、粉肠龙/肠粉龙、布加拉陈,女,蓝发,红瞳,168cm,7月7日,龙（Lung）,近卫,,刑事侦查、剑术、驾驶、擒拿术,御姐、龙娘、警察、制服、过膝靴、巨乳、双剑、尾巴、角、凛娇、富有正义感、强气、有胸的帅哥、旗袍（时装限定）、下双马尾、粤语、同母异父、妹妹、龙门粗口,龙门,龙门近卫局,担任龙门特别督察组组长兼高级警司→切城事件后成为罗德岛干员,《Daydaydream》,唯@W,1229/2880,249/610,154/352,0/0,慢 70秒,19/21/23,2,较慢 1.3秒,,龙门,,,,,,,,,,,,
9,赫拉格,Hellagur,,将军、爷爷、老爷子、大公,男,白发,金瞳,193cm,5月5日,黎博利,近卫,,军事理论、预警、防卫战、武器技巧（军事）,长者、军人、温柔、白发、养父、刀剑,乌萨斯,,,《Прощание》,Liduke,1568/3825,340/762,160/334,0/0,慢 70秒,22/24/26,1,中等 1.2秒,,,,,,,,,,,,,,
10,煌,Blaze,,喜锯人、煌大喵,女,黑发,蓝瞳,172cm,,菲林,近卫,,械斗、纵深作战、跑酷、源石技艺（气体）,链锯、发卡、御姐、元气、兽耳、尾巴、无铁炮、乱发、黑色过膝袜、长短袜、泡泡袖、巨乳、泳装、比基尼,维多利亚,罗德岛,,《Boiling Blood》《Rock the Night Away》,唯@W,1286/2821,308/765,156/370,0,慢 70秒,20/22/24,2月3日,中等 1.2秒,,,,,,,,,,,,,,
11,斯卡蒂,Skadi,,伊莎玛拉（Ishar-mla）、快乐小虎鲸、蒂蒂、蓝蒂、剑蒂、先蒂、凉蒂、憨蒂,女,银发,红瞳,166cm,3月7日,未公开阿戈尔,近卫,,剑术（海）、潜水,尾扎长发、隐藏巨乳、御姐、佣兵、披风、短靴、温柔、孤僻、赏金猎人、巨剑、呆毛、腹白、白发红瞳、大腿内侧开口裤、大腿夹剑（精二立绘）,阿戈尔,深海猎人、罗德岛,任职于罗德岛（现实线）伊莎玛拉被水月击败后失去神的身份，成为普通海嗣个体（if线）,《A Long Vacation》,alchemaniac,1521/3866,452/1015,116/263,0/0,慢 70秒,17/19,1,较慢 1.5秒,,,,■■kg,,,,,,,,,,
12,银灰,SilverAsh,恩希欧迪斯・希瓦艾什,银老板、银剑圣、老银、喀兰帝王、前夫哥、健康哥哥,男,白灰色，发梢为黑灰发,灰瞳,192cm,2月15日,菲林,近卫,贸易公司董事长,人事管理、剑术,兽耳、尾巴、披风、哥哥、霸道总裁、邪魅、贵气、优雅、文艺、狼尾发、高挑、裘皮大衣、外冷内热、直球、手杖剑、西服、发饰、腹黑、反差萌、妹控,谢拉格,喀兰贸易、罗德岛,与罗德岛合作,《Silver Lining》,龙崎いち,1075/2560,297/713,189/397,5月10日,慢 70秒,18/20,2月2日,较慢 1.3秒,,,,,,,,,,,,,,
13,棘刺,Thorns,,刺子哥、黑皮小哥、小黑、地面蓝毒、能地使、海胆、阿周那、鸡翅、接头霸王、植皮霸王、寒哥的爹,男,黑发,橙瞳,177cm,3月17日,阿戈尔,近卫,,药剂制作、剑术、神学,褐色皮肤、手套、率直冷、残念系、小辫子、药剂师、迫害,伊比利亚,罗德岛,,《El Brillo Solitario》《Before & After》,幻象黑兔,1096/2612,296/711,191/402,5月10日,慢 70秒,18/20,2,较慢 1.3秒,,,,,,,,,,,,,,
14,史尔特尔,Surtr,,42、42姐、42t2、地面小火龙、红刀姐、地火拟人、女装慑砂、女萨卡兹百夫长、42奶奶,女,红发,紫瞳,162cm,1月22日,萨卡兹,近卫,,历史学,高飞车、长剑、角、黑丝、巨乳、外套半脱、露肩装、连衣裙、绝对领域、变瞳色、失忆、火能力,不明,,,《Reconnection》,Ask,1330/2916,288/672,186/414,10月15日,慢 70秒,19/21,1,较慢 1.25秒,,,,,,,,,,,,,,
15,山,Mountain,安东尼・西蒙,山哥、山叔、大脑斧、土方十四山、境井山,男,黑、白,蓝瞳,195cm,7月16日,菲林,近卫,,蛮力、名酒鉴赏、哥伦比亚史,兽人、兄贵、反差萌、敬语、绅士、伤疤、越狱,哥伦比亚,,,《Tipsy》,WincalBlanke,1298/2745,242/587,154/357,0/0,慢 70秒,9月11日,1,非常快 0.78秒,,,,,,,,,,,,,,
16,帕拉斯,Pallas,,牛姐、牛牛、欢乐水牛、西域刀牛,女,亚麻发,绿瞳,162cm,2月8日,丰蹄,近卫,,舞蹈、应急护理,祭司、酒鬼、话痨、神性、黑丝、角、谜语人,米诺斯,,,《Ke角色EP the torch》,aZLing4,794/1963,302/687,213/455,0/0,慢 70秒,15/17,2,中等 1.05秒,,,,,,,,,,,,,,
17,耀骑士临光,Nearl the Radiant Knight,玛嘉烈・临光,耀光、腰骑士、闪临、潘森、NTR骑士、1740光、Nearlter,女,金发,橙瞳,171cm,4月23日,库兰塔,近卫,耀骑士,武器技巧、越障、法术治疗,耀骑士、姐姐、兽耳、尾巴、长枪、盔甲、凛娇、强气、单马尾、战损（精二）、巨乳、耳机、金长直、光能力,卡西米尔,,,《Radiant》,龙崎いち,1397/3550,473/1064,130/295,0/0,慢 70秒,17/19,1,较慢 1.5秒,,,,,,,,,,,,,,
18,艾丽妮,Irene,,小审判官、亚索、菜问、小鸟,女,银发,灰瞳,156cm,1月3日,黎博利,近卫,,听觉、迅捷剑,公务员、强气、傲娇、手枪、细剑、紧身裤、手套、伤疤、提灯、长发、短刘海、孤儿,伊比利亚,审判庭,,《Rapier》,aZLing4,1236/2935,249/621,151/349,0,70秒,19/21/23,2,较慢 1.3秒,,伊比利亚,,,,,,,,,,,,
19,百炼嘉维尔,Gavial the Invincible,,嘉百炼、敌嘉、异嘉、宜家,女,绿发,金瞳,163cm,5月1日,阿达克利斯,近卫,,医疗、精神激励,强气、怪力、尖耳、尾巴、凉靴、动力锯、高马尾、巨斧、露脐装、护目镜、脏辫、治疗(物理)、后宫王,萨尔贡,罗德岛,,《All hail Savior!》,LLC,1325/2906,309/766,165/391,0,慢 70秒,20/22/24,2月3日,中等 1.2秒,,,,,,,,,,,,,,
20,玛恩纳,M?ynar,玛恩纳・临光,叔叔、老玛、嘛嗯呐、读报僵尸,,黄发,黄瞳,191cm,12月3日,库兰塔,近卫,,骑士格斗（剑术）,叔叔、认真、毒舌、落魄贵族、社畜、骑士、真・马尾、长身、护腕、刀剑、遮眼发,卡西米尔,,已辞职,《Ensheath》,龙崎いち,1945/3906,161/355,239/502,15/15,慢 70秒,10月12日,2月3日,中等 1.2秒,,卡西米尔→莱塔尼亚,,,,,,,,,,,,
21,重岳,Chongyue,朔,大哥、宗师、成龙、很吵的龙,男,黑发+白发,双色（外绿内红）,188cm,1月1日,未公开“巨兽”,近卫,,武学,双角、尾巴、中分、挑染、足力健、纹身、武汉话、哥哥、尖耳、格斗家、京法姜炒螺、不老不死,炎,岁,离开玉门，驻留罗德岛,《定风波》,KuroBlood,1246/2635,242/590,156/363,0/0,慢 70秒,9月11日,1,非常快 0.78秒,,玉门→罗德岛,,,,,,,,,,,,
22,仇白,Qiubai,,QB、球白、求败、?白,女,灰发,红瞳,178cm,5月14日,埃拉菲亚,近卫,,剑术、行走江湖,双角、高马尾、巨乳、长靴、过膝靴、反派后代、中国剑、徒弟,炎,,,《春岚》,温泉瓜,1041/2480,299/718,191/402,5月10日,慢 70秒,18/20,2,较慢 1.3秒,,,近战位,,,,,,,,,,,
23,圣约送葬人,Executor the Ex Foedere,费德里科・吉亚洛,“圣徒”、费迪、圣葬、异葬、香草冰淇淋球、凶凶大哥哥、地面狙击、肾脏、腰子哥,男,浅米发,蓝瞳,181cm,7月7日,萨科塔,近卫,,射击（铳）、格斗、精算、执法,天使、光环、翅膀、霰弹枪、公务员、率直冷、高压电网、“？”、男妈妈、两像素微笑,拉特兰,拉特兰公证所,,《Stained》,Skade,1076/2491,298/707,224/461,0/0,慢 70秒,20/21/23,1月2日,较慢 1.3秒,,,近战位,,,,,,,,,,,
24,黑,Schwarz,,黑姐、小黑龙、开罐器,女,银发,金瞳,169cm,,菲林,狙击,,射击（弩）、野外求生、隐秘行动、暗杀,露脐装、单马尾、忠犬、保镖、杀手、巨乳、弩、兽耳、尾巴、热裤、御姐、义姐,雷姆必拓,罗德岛,供职于罗德岛,《A Long Vacation》,Liduke,781/1833,357/840,86/225,0,慢 70秒,16/18/20,1,较慢 1.6秒,,汐斯塔→罗德岛,,,,,,,,,,,,
25,能天使,Exusiai,蕾缪乐,阿能、小乐、拉特兰的救世主小姐能天使牌抛光机(×) 拐天使(?)、乐儿、不能天使,女,红发,橙瞳,159cm,12月24日,萨科塔,狙击,押运员,射击（铳）,遮眼发、侧单马尾、连帽衫、连裤袜、运动鞋、天使、光环、翅膀、枪械、元气、骚话、短发、贫乳,拉特兰,企鹅物流,,《Speed of Light》《Melting White》,幻象黑兔,711/1673,183/540,57/161,0/0,慢 70秒,12月14日,1,快 1.0秒,,龙门,,,,,,,,,,,,
26,W,,,W酱、达不溜、龙虾头、草酱、自爆白毛女、美洲大蠊,女,白发,红瞳,165cm,本人表示遗忘,萨卡兹,狙击,,武器技巧（军事）、源石技艺（爆破）、伏击战、军事理论,迷妹、小恶魔系、毒舌、狂气、巨乳、佣兵、间谍、手榴弹、黑色连裤袜、挑染、美甲、白发红瞳、虎牙、绷带、角、蟑螂毛、阴阳怪气、箭头尾巴、粗口、颜艺,卡兹戴尔,巴别塔→整合运动（特蕾西娅罹难后）→罗德岛,存活,《Renegade》《Rock the Night Away》,Liduke,821/1605,397/912,68/133,0,慢 70秒,25/27/29,1,慢 2.8秒,,,,,,,,,,,,,,
27,早露,Роса,娜塔莉娅・安德烈耶夫娜・罗斯托娃,娜塔莉娅、大白熊、白熊熊、早子姐,女,白发,红、蓝瞳,174cm,10月31日,乌萨斯,狙击,,社交、人事管理,异色瞳、反差萌、大小姐、学姐、学生会长、卷发、黑色连裤袜、长靴、巨乳、挑染、制服、非法御姐,乌萨斯,乌萨斯学生自治团、罗德岛,供职于罗德岛,《从那高地上远眺》,Skade,800/1755,492/1032,60/122,0/0,慢 70秒,22/24,1,慢 2.4秒,,乌萨斯→罗德岛,,,,,,,,,,,,
28,迷迭香,Rosmontis,纳西莎,小猫、小菲林、xcw、香香,女,白发,绿瞳,142cm,7月6日,菲林,狙击,,源石技艺（运动控制）,萝莉、健忘、猫娘、短靴、无袖拥抱新生：裸足、连衣裙,哥伦比亚,罗德岛,罗德岛精英干员,《Confront》《Crystallize》《Heart Forest》《Before Summer》,唯@W,874/1944,341/688,123/245,10,慢 70秒,23/25,1,2.1秒,,,,,14岁,,,,,,,,,
29,空弦,Archetto,席德佳,弦宝、三弦姐、弦子姐、鹰头猫,女,金发,左蓝右红,152cm,11月16日,黎博利,狙击,,射击（弓）、军事教育 、酿酒、烘焙,金发、修女、异色瞳、披风、长靴、弓、猫耳宣传策略：偶像,,,,《Till the Bell Tolls》,alchemaniac,725/1705,178/528,61/172,0,慢 70秒,12月14日,1,快 1.0秒,,,,,,拉特兰,,,,,,,,
30,灰烬,Ash,艾丽萨・科恩,猫耳女同事,女,红发,红瞳,170cm,12月24日,未知人类,狙击,,结构力学、爆破力学、语言学、机械设计,墨镜、军人、麻花辫、棒球帽、有胸的帅哥,未知以色列,彩虹小队,,,Ubisoft,718/1689,181/534,60/169,0,慢 70秒,12月14日,1,快 1.0秒,,,,,,,,,,,,,,
31,假日威龙陈,Ch'en the Holungday,陈晖洁,女游客C、水陈、泳装煌、批脸陈-the p、重装芯片、墨陈、万重山陈、Chalter,女,蓝发,红瞳,168cm,7月7日,龙,狙击,,便衣侦查、射击（近距离）,,龙门,罗德岛,,《Across the wind》,唯@W,1110/2501,351/773,110/203,0/0,慢 70秒,29/32,1,慢 2.3秒,散射手,,,,,,,,,,,,,
32,远牙,Fartooth,查丝汀娜・瓦伦泰,远呀！、赵云,女,灰发,金瞳,155cm,10月10日,黎博利,狙击,,侦查、精准狙击、乡村音乐（吹奏）,农家女、骑士,卡西米尔,红松骑士团,,《Bridge to the Dawn》《Field in the Light》,NoriZC,749/1522,535/1196,79/163,0/0,慢 70秒,20/22,1,慢 2.7秒,神射手,,,,,,,,,,,,,
33,菲亚梅塔,Fiammetta,,肥鸭、菲尼克斯、小菲、神选监工、坟墓骑士、黏性超人、秘藏守望者、独臂电锯侠、苦难陈述者、超能惩罚王、天启宣告者、死神代行人、神圣狩猎狂、微光守夜人不叫微光守夜人的黎博利、黎明破坏者、苦难监工、黏性微光、宣告人、亚托克斯、小凤凰FPX、毁灭凤凰人、跟踪狂、燃烧使者,女,粉发（发根）、红发（发梢）,红瞳,171cm,4月3日,黎博利,狙击,,射击（炮弩）、追踪、守秘,长靴、制服、榴弹发射器、有胸的帅哥、巨乳、强气、性情中人、杀死童贞服,拉特兰,拉特兰公证所,,《Eternal Flame》《Best Moments of...》,幻象黑兔,985/1926,375/861,80/156,0,慢 70秒,25/27/29,1,慢 2.8秒,,,,,,,,,,,,,,
34,鸿雪,Позёмка,阿芙朵嘉・尼古拉耶芙娜・伊万诺娃,阿芙朵嘉・锐笔（Avdotya Razorpen）、鸿太狼、雪王,女,粉发,粉瞳,177cm,3月15日,鲁珀,狙击,,广告文案设计、文学创作,作家、御姐、长身、弩、巨乳、酒豪、毛妹、腿环、高跟凉鞋、第一人称Warawa、落魄贵族、心理阴影、乳摇,乌萨斯,,,《Undertopia》,Chuzenji,768/1802,373/876,73/193,0,慢 70秒,16/18/20,1,较慢 1.6秒,,乌萨斯→际崖城,,,,,,,,,,,,
35,提丰,Typhon,,小台风,女,浅紫发,桃红瞳,155cm,2月1日,萨卡兹,狙击,,,弓、巨乳、长短袜、猎人北地引路人：弩、长靴,萨米,,,,LM7,775/1702,498/1045,54/113,0/0,慢 70秒,22/24,1,慢 2.4秒,,萨米,,,,,,,,,,,,
36,年,Nian,,,女,银发,紫瞳,165cm,9月9日,未公开“巨兽”,重装,,械斗、金属工艺、冶铸、影视作品指导（烂片）,御姐、毒舌、话痨、戏精、吃货、魔物娘、纹身、挑染、高马尾、半马尾、露脐装、角、尾巴、旗袍、巨剑、盾、尖耳、热裤、姐姐、妹妹、导演、扇子、四川话、文言文、不老不死,炎国,岁,任职于罗德岛,《尽波澜》,幻象黑兔,1539/3699,295/619,254/726,0,慢 70秒,19/21/23,3,较慢 1.5秒,,,,,,,,,,,,,,
37,塞雷娅,Saria,,塞爹、塞妈、塞主任、莱茵拳皇、狱警B,女,银发,橙瞳,174cm,4月23日,瓦伊凡,重装,科研员,预警、生命科学、战术规划,龙娘、银发、有胸的帅哥、熟女、角、尾巴、盾牌、隐藏巨乳、强气、美甲、爸爸、直女、影帝,哥伦比亚,莱茵生命、罗德岛,,《Snowy Night》,NoriZC,1309/3150,200/485,248/595,10月10日,慢 70秒,18/20/22,2月3日,中等 1.2秒,,,,,,,,,,,,,,
38,星熊,Hoshiguma,,熊sir、鬼姐、星sir、星熊勇仪,女,绿发,棕瞳,184cm,1月20日,鬼,重装,警局督察,渗透、武术、驾驶、擒拿术,御姐、长身、角、长直、盾、女汉子、手套、有胸的帅哥、温柔、巨乳、警察、酒豪,东,龙门近卫局,,《Daydaydream》,Infukun,1602/3850,221/430,257/723,0/0,慢 70秒,19/21/23,3,中等 1.2秒,,龙门,,,,,,,,,,,,
39,森蚺,Eunectes,祖玛玛,大蛇、挡一重装、开高达的女人、森rua红色有角三倍速森 `大哈鱼,女,黑发,蓝黑瞳,171cm,10月30日,斐迪亚,重装,,,机甲、尖耳朵、尾巴、短发、内层挑染、盾牌、族长、巨乳、凉鞋、蛇娘、踩脚袜（精二）,萨尔贡,罗德岛,供职于罗德岛并接受治疗,《Evolutionary Mechanization》,Liduke,1882/4468,462/1007,247/615,0,慢 90秒,29/31/33,1,较慢 1.6秒,,,,,,,,,,,,,,
40,瑕光,Blemishine,玛莉娅・临光,妹宝、小临光、小耀骑士、香菜马,女,金发,金瞳,165cm,7月15日,库兰塔,重装,,,小耀骑士、妹妹、兽耳、四耳、尾巴、兽娘、盔甲、铠甲、盾牌、巨剑、披风、过膝靴、天然呆、元气、单马尾、光能力、马娘、双马尾,卡西米尔,,,《Stay Gold》,龙崎いち,1346/3242,297/581,262/601,10,慢 70秒,18/20,2月3日,中等 1.2秒,,,,,,,,,,,,,,
41,泥岩,Mudrock,,大锤姐、岩子姐、三无少女、我们青春靓丽的萨卡兹大姑娘、咕噜灵波,女,白发,红瞳,163cm,9月21日,萨卡兹,重装,萨卡兹雇佣兵，前整合运动成员,源石技艺（岩石）、械斗、野外生存,大姐头、白发红眼、童颜巨乳、反差萌、天然呆、路痴,卡兹戴尔,整合运动→泥岩小队→罗德岛,以合作者的身份成为罗德岛的一份子,《Lithos》,m9nokuro,1677/3928,370/882,229/602,10,慢 70秒,32/34/36,2月3日,较慢 1.6秒,,,,,,,,,,,,,,
42,号角,Horn,丽塔・斯卡曼德罗斯,队长、“白狼”、号之角盾子,女,金发,绿瞳,168cm,11月1日,鲁珀,重装,,伦式书法、武器技巧（军事）,金发碧眼、有胸的帅哥、头带、背心、强气、巨乳、军官、御姐、过膝靴,维多利亚,风暴突击队、典范军,,《March On!》,m9nokuro,1237/3067,483/936,223/620,0/0,慢 70秒,24/26/28,2月3日,慢 2.8秒,要塞,,,,,,,,,,,,,
43,斥罪,Penance,拉维妮娅・法尔科内,法官、罗翔,女,棕发,金瞳,168cm,7月9日,鲁珀,重装,,刑事诉讼法、案件审理,认真、巨乳、正义的伙伴、锤、臂铠、辫子、黑色过膝袜,叙拉古,,,《Sentenced》,IRIS_呓,1732/4055,368/876,234/616,10月10日,慢 70秒,32/34/36,2002/3/3,较慢 1.6秒,,,近战位,,,,,,,,,,,
44,涤火杰西卡,Jessica the Liberated,杰西卡・布林雷,涤杰、涤人杰、DJ、火猫、杰盾、杰西盾,女,青紫发,暗金瞳,149cm,3月3日,菲林,重装,,,猫娘、巨乳、高马尾、挑染、怪力女、枪械、过膝袜,维多利亚,黑钢国际→拓荒地驮兽队,寻找不依靠布林雷家族和黑钢国际的路,,m9nokuro,1455/3608,269/522,258/716,0/0,慢 70秒,19/21/23,3,中等 1.2秒,,,,,23岁,,,,,,,,,
45,闪灵,Shining,奎萨辛娜,闪妈、摩托剑圣、喜羊羊,女,白发,棕瞳,175cm,10月7日,萨卡兹,医疗,赦罪师,法术治疗,恶魔、巨乳、超长发、项链、长靴、温柔、旅行者、兜帽、角、披风、长剑、白长直、高马尾（泳装）,卡兹戴尔,使徒,,《冬涤》,龙崎いち,854/1613,180/530,60/138,0/0,慢 70秒,18/20,1,慢 2.85秒,,,,,,,,,,,,,,
46,夜莺,Nightingale,丽兹,南丁格尔,女,金发,绿瞳,164cm,5月4日,萨卡兹,医疗,医疗顾问,医疗、法术治疗,软妹、实验体、不幸、病弱、失忆、卷发、长靴、齐刘海、肢体残疾,卡兹戴尔,使徒,被赦罪师绑架,《春弦》,Skade,796/1705,132/350,80/169,5,慢 70秒,16/18,1,慢 2.85秒,,,,,,,,,,,,,,
47,凯尔希,Kal'tsit,,凯爹、凯皇、凯太后、勋爵、凯喵、前妻、老猞猁、老女人、尖叫、M3发射器、说话很拽的医生、AMa-10、无所不知的痴愚,女,白发,绿瞳,169cm，Mon3tr：892cm（目测体长）,未公开,菲林,医疗,医生,基础医学、临床医学、法术治疗、生命科学、急救,兽耳、面瘫、医生、露肩装、项圈、手表、短靴、高跟鞋、素足履、戒指、女仆装、透明服装、男装丽人、BBA、谜语人、组织领导人、不对称鬓发、冷血,罗德岛,卡兹戴尔→巴别塔→罗德岛,罗德岛医疗项目领头人、罗德岛最高管理者之一、阿米娅的直接辅导者、罗德岛医疗部门的总负责人。第3次重生,《Reversed time》《Crystallize》《Immutable》《Before Summer》,唯@W,865/1633,167/490,94/215,0/0,慢 70秒,18/20,1,慢 2.85秒,,泰拉大陆,,,,,,,,,,,,
48,流明,Lumen,乔迪・方塔纳罗萨,小鱼、鱼鱼、奶爸、火钳流明、流泪鱼鱼头,男,深蓝、海蓝,橙瞳,177cm,6月12日,阿戈尔,医疗,,护理、营养学,天才、尖耳、呆毛、内层挑染、雀斑、弱气、伞、手套、皮鞋、孤儿,伊比利亚,格兰法洛教堂→伊比利亚审判庭,,《Bluish Light》《Before & After》,一千,1000/1825,189/540,48/111,10月10日,慢 80秒,21/23,1,慢 2.85秒,,,,,,,,,,,,,,
49,焰影苇草,Reed The Flame Shadow,拉芙希妮,异苇、焰苇、烧仙草、烟草,女,浅金发,青绿瞳,172cm,10月16日,德拉克,医疗,,军事理论、诗歌、枪术、源石技艺（生命）,角、尾巴、呆毛、齐刘海、侧单马尾、植物发饰、手环、蝴蝶结、连衣裙、腿环,维多利亚,,,《Flame Shadow》,STAR影法师,868/1583,192/550,36/84,10月20日,慢 70秒,15/17,1,较慢 1.6秒,,,远程位,,,,,,,,,,,
50,纯烬艾雅法拉,Eyjafjalla the Hvít Aska,阿黛尔・瑙曼,纯艾、异羊、奶羊,女,棕发,粉瞳,153cm,10月18日,卡普里尼,医疗,,火山考察,科学家、角、侧单马尾、黑色过膝袜、失聪、小天使,莱塔尼亚,,,《Miss You》,Anmi,789/1439,148/424,47/109,10月10日,慢 70秒,14/16,1,慢 2.85秒,行医,,,,,,,,,,,,,
51,安洁莉娜,Angelina,安心院安洁莉娜,安心院、洁哥,女,棕发,红瞳,162cm,5月14日,沃尔珀,辅助,信使,源石技艺,JK、doctor love、双马尾、兽耳、法杖、耳机、热裤、手套、四分之三袜、混血儿、外套半脱,叙拉古,罗德岛,,《秋绪》《Heart Forest》,LM7,629/1385,228/542,53/120,15/25,慢 70秒,14/16,1,慢 1.9秒,,,,,,,,,,,,,,
52,麦哲伦,Magallan,薇恩塔・麦哲伦,小企鹅、麦麦哥伦布、麦当劳、麦克雷麦当娜、麦迪文呆头羽,女,棕发、银发,金瞳,160cm,10月17日,黎博利,辅助,,极地科考、生态学、源石技艺（机）、机械操控,元气、温柔、企鹅、挑染、防护服、冒险家、冰刀鞋、天然呆、无人机、黑暗料理、隐藏巨乳,哥伦比亚,莱茵生命,,《Everything's Alright》《Melting White》,NoriZC,495/1103,211/469,60/140,15/20,慢 70秒,10月12日,1,较慢 1.6秒,,,,,,,RL06,,,,,,,
53,铃兰,Suzuran,丽萨,小狐狸、铃兰妹妹、光、狐萝卜、八云蓝lily、叶文洁lily,女,浅黄发,绿瞳,137cm,10月9日,沃尔珀,辅助,,源石技艺、观赏植物培育、治愈（各方面）,萝莉、兽耳、尾巴、九尾狐、白色连裤袜、发箍、耳机、天然萌、虎牙、团宠弃土花开：护目镜、及膝袜春之颂：洛丽塔装、白色短袜、玛丽珍鞋雪霁：和服、伞,东国,罗德岛,,《Lily of the Valley》《Heart Forest》《えがおの花束》,将,673/1480,220/521,57/128,15/25,慢 70秒,14/16,1,慢 1.9秒,,,,,,,,,,,,,,
54,浊心斯卡蒂,Skadi the Corrupting Heart,,红蒂、白蒂（时装限定）、歌蒂、舞蒂、浊蒂、帕瓦罗蒂、憨舞蒂、农夫山泉、富营养的斯卡蒂、Skalter,女,银发,红瞳,,3月7日,未公开“海嗣”,辅助,,歌唱（海洋） 同化 折虐,尾扎长发、呆毛、魔法帽子、露肩装、露脐装、巨乳、中靴、歌手、御姐、白发红眼升华：长靴、恶堕,阿戈尔,大群,,《Voices》,alchemaniac,613/1603,145/368,93/233,0/0,慢 70秒,6月8日,1,快 1.0秒,,泰拉全境及外层空间,,,,,,,,,,,,
55,灵知,Gnosis,诺希斯・埃德怀斯,灵知哥、灵芝、喀兰孔明、波澜哥、坂本,男,黑、红,金瞳,188cm,12月11日,黎博利,辅助,科研人士、谢拉格议会第一任议长,矿石病研究、科学理论,眼镜、工作狂、科学家、毒舌、背锅、腿环、挑染、冷娇,谢拉格,喀兰贸易,,《Heal the World》,龙崎いち,798/2035,205/455,61/132,15/25,慢 70秒,11月13日,1,较慢 1.6秒,,,,,,,,,,,,,,
56,令,Ling,,令姐、令掌柜,女,蓝发,蓝瞳、紫瞳,166cm,3月3日,未公开“巨兽”,辅助,,诗词歌赋,御姐、巨乳、长发、角、尾巴、尖耳、热裤、麻花辫、短靴、姐姐、腿环、露脐装、妹妹、诗人、酒豪、西安话、不老不死,炎国,岁,,《醉飞尘》,下野宏铭,485/1079,212/473,59/138,15/20,慢 70秒,10月12日,1,较慢 1.6秒,,大炎江南→玉门→尚蜀→以访客身份留于罗德岛,,,,,,,,,,,,
57,白铁,Stainless,费斯特,铁人、小费、钢铁侠、大铁老师,男,棕发,蓝瞳,178cm,4月11日,菲林,辅助,伦蒂尼姆市民自救军第十一小队队长,机械工程知识、装备设计、跑酷,猫耳、尾巴、助手、工人、元气、工装、呆毛、挑染,维多利亚,伦蒂尼姆市民自救军,存活,《Stainless Heart》,一千,1043/2723,236/593,190/421,0,70秒,15/17/19,2,较慢 1.5秒,,,,,,,,,,,,,,
58,淬羽赫默,Silence the Paradigmatic,奥利维亚・赫默,羽默、异默、赫咕咕、赫妈、emo,女,棕发,金瞳,154cm,5月18日,黎博利,辅助,,临床医学、无人机操控,隐形眼镜、短发、短靴、科学家、医生、无人机、认真、温柔、文静、反差萌、妈妈,哥伦比亚,,,,NoriZC,737/1927,185/467,73/184,15/25,慢 90秒,13/15,1,较慢 1.6秒,,莱茵生命,远程位,,,,,,,,,,,
59,艾雅法拉,Eyjafjalla,阿黛尔・瑙曼 (Adele Naumann),小羊、小绵羊、小艾雅、火索米,女,棕发,粉瞳,145cm,10月18日,卡普里尼,术师,学者,火山学、地质学,科学家、火能力、角、长卷发、绝对领域、天才、学妹、过膝袜、小天使、宠物相伴、合法萝莉,莱塔尼亚,,,《A Sweet Rendez-vous》,Anmi,732/1743,292/645,46/122,10/15/20,慢 70秒,19/21,1,较慢 1.6秒,,,,,,,,,,,,,,
60,莫斯提马,Mostima,,锁与匙的守卫者、堕天使、小莫,女,蓝发,青瞳,170cm,12月12日,未公开萨科塔（堕天使）,术师,,旅游、潜入、源石技艺（神经）,信使、堕天使、角、尾巴、法杖、翅膀、光环、双持武器、中长发、热裤、手套、温柔、女神系、口嫌体正直、晚礼服,拉特兰,,,《A Cold Call》《Best Moments of...》,幻象黑兔,822/1831,387/834,52/132,10/15/20,慢 70秒,31/34,1,慢 2.9秒,,,,,,,,,,,,,,
61,伊芙利特,Ifrit,,小火龙、伊芙芙（麦哲伦语）,女,金发,橙瞳,159cm,7月22日,萨弗拉→萨卡兹,术师,实验原型体,火焰控制,角、双马尾、特殊第一人称、火能力、火焰喷射器、狂气、傲娇、暴娇、心智不全、泳装（时装限定）、黑暗料理（时装限定）、女儿、美甲、凉鞋,未公开,莱茵生命,于罗德岛接受治疗,《Snowy Night》,NoriZC,687/1680,377/870,52/130,10/15/20,慢 70秒,31/34,1,慢 2.9秒,,,,43kg,,,,,,,,,,
62,刻俄柏,Ceobe,,佩洛小姐、小刻、克格勃、“很傻的狗”、氪二百、铈（Ce）氧（O）铍（Be）、狂暴宿主掷骨手,女,金发,红瞳,153cm,3月3日,佩洛,术师,,野外求生、械斗,过膝靴、巨乳、吃货、天然呆、兽娘、狗子,玻利瓦尔,,,《独行长路》,LM7,657/1565,302/667,48/128,10/15/20,慢 70秒,19/21,1,慢 1.6秒,,,,,,,,,,,,,,
63,夕,Dusk,,煮伞先生、夕瓜,女,黑发,红瞳,162cm,11月11日,未公开“巨兽”,术师,,,画家、刀剑、妹妹、角、纹身、黑长直、尖耳、短靴、长发、三无、率直冷、旗袍、吃瘪、隐藏巨乳、家里蹲、现实扭曲、吴语、抠脚、不老不死、胆小,炎,岁,,《尽波澜》,幻象黑兔,808/1801,426/918,50/127,10/15/20,慢 70秒,31/34,1,慢 2.9秒,,,,,,,,,,,,,,
64,异客,Passenger,艾利奥特・格罗夫,“沙卒”、粉咕咕、五舅、闪电芦苇、“修插座的叔叔”、“穿得奇怪说话也奇怪的叔叔”、老鸽子,男,粉橙发,蓝瞳,187cm,9月1日,黎博利,术师,,机械工程及自动化、源石技艺（电）,羽毛、长发、复仇、斗篷、面纱、忠犬、敬语、毒舌、天才、科学家、电能力、大叔,哥伦比亚,,,《Gearing Up》,Skade,654/1558,311/689,49/130,10/15/20,慢 70秒,30/33,1,慢 2.3秒,,萨尔贡,,,,,,,,,,,,
65,卡涅利安,Carnelian,,玛瑙、卡姐、卡子姐、大蜜蜡、卡咩、大咩、沸羊羊,女,白发,红瞳,173cm,1月17日,卡普里尼,术师,,源石技艺、野外求生、纪念品收集,姐姐、角、褐色皮肤、巨乳、高飞车、腿环、腿带、刀剑、白发红眼,萨尔贡,,,,カワグチ,1104/2106,435/846,146/228,15/15,慢 70秒,22/24,1,慢 2秒,,莱塔尼亚、罗德岛,,,,,,,,,,,,
66,澄闪,Goldenglow,苏茜・格里特,粉毛，小火花，GG、剃头匠、噼里啪啦响个不停的小理发师,女,粉发,金瞳,159cm,1月7日,菲林,术师,,源石技艺（静电）、理发,猫耳、弱气、不悯、吊带袜、高帮帆布鞋、发箍、乱发、死亡发型、电能力喜夜侍者：发箍、辫子、白色及膝袜夏卉 FA394：泳装、墨镜、凉鞋、吃瓜,维多利亚,,,《Spark for Dream》,Namie,605/1480,153/331,50/125,10/15/20,慢 70秒,20/22,1,较慢 1.3秒,,,,,,,,,,,,,,
67,黑键,Ebenholz,弗朗茨,黑羊、乌提卡伯爵、键宝（煎包）,男,黑发,紫瞳,173cm,6月5日,卡普里尼,术师,,音乐、源石技艺,角、低马尾、长笛、音乐人、美男子、落魄贵族、孤儿、长身、乱发,莱塔尼亚,,,《St?ndchen》,龙崎いち,732/1678,611/1400,51/135,10/15/20,慢 70秒,23/25,1,慢 3.0秒,,,,,,,,,,,,,,
68,林,Lin,林雨霞,高材生、粉头发的下水道生物、臭老鼠、坑渠老鼠、林女侠、淋雨侠龙门青年创业者协会会长龙门联合大学社会关系学客座讲师龙门商业联合会轮替发言人龙门市场监管局行政顾问,女,粉发,粉瞳,166cm,11月9日,札拉克,术师,,沙系源石技艺、人际关系处理、琴棋书画,鼠娘、女儿、黑丝、翘臀、巨乳、交叉刘海、马尾、高跟鞋、剑、沙能力,龙门,,,《近尘烟》,Liduke,1074/2048,421/849,158/242,15/15,慢 70秒,22/24,1,慢 2.0秒,,龙门→多索雷斯→玉门,,,,,,,,,,,,
69,霍尔海雅,Ho'olheyak,,羽蛇、肥蛇、雅雅,女,灰发,绿瞳,171cm,7月12日,未公开黎博利/斐迪亚,,,占星学、历史学、文献学,御姐、黑色连裤袜、佣兵、尾巴、丰满、腹黑、高跟鞋、短命,,哥伦比亚占星研究协会,健在,《Dormant Caving》,LM7,743/1770,287/633,49/130,10月20日,慢 70秒,19/21,1,较慢 1.6秒,,哥伦比亚,,,42岁（泰拉历1099年）,,,,,,,,,
70,阿,Aak,,地下怪医、庸医、博本阿，内鬼,男,黑发,黄瞳,161cm,3月25日,菲林,特种,,源石技艺（医疗）、源石技艺（毒药）、人际关系（交恶）,医生、兽人、尾巴、遮眼发、腹黑、天才,龙门,鲤氏侦探事务所,,《更阑影》《兔兔在哪里？》,KuroBlood,865/2034,247/703,58/152,10月10日,慢 70秒,11月13日,1,较慢 1.3秒,,龙门,,,,,,,,,,,,
71,傀影,Phantom,卢西恩,黑猞猁、傀猫猫、影子哥、猩红血钻、小卢、影流之主、带货猫、饭桶、卢仙,男,亚麻灰发,金瞳,185cm,1月19日,菲林,特种,,暗杀、侦查、歌剧表演,面具、刺客、猫耳、苦劳人、演员、天然呆、黑化,维多利亚,猩红剧团（前）、罗德岛,,《Curtain Call》《行文之韵》,Skade,769/1645,215/558,144/322,0,快 18秒,8月10日,1,快 0.93秒,,,,,,,,,,,,,,
72,温蒂,Weedy,,小海龙、小水龙、蒂蒂二号、后蒂、推蒂,女,白发,红瞳,155cm,1月23日,阿戈尔,特种,,仿生工程、机械工程、大扫除,洁癖、粗眉、露肩装、短靴、尾巴、工程师、科学家、体弱、尾扎长发、怪力、力速双A弱女子、白发红眼,伊比利亚,罗德岛,供职于罗德岛,《Sparkling Hydraulics》,下野宏铭,984/2133,295/677,163/394,0/0,慢 70秒,19/21,2,中等 1.2秒,,,,,,,,,,,,,,
73,歌蕾蒂娅,Gladiia,,剑鱼、Lady、二队长、拉蒂、歌蒂、师姐、二营长、歌蕾蒂亚,女,白发,红瞳,181cm,11月6日,未公开阿戈尔,特种,,游泳 长柄武器 大型怪物狩猎,长身、尖耳朵、御姐、有胸的帅哥、披风、过膝靴、槊、白色皮肤、冰美人、毒舌、白发红瞳、遮眼发,阿戈尔,深海猎人,,《Voices》,Chuzenji,999/2309,344/801,144/331,0/0,慢 80秒,14/16,2,慢 1.8秒,,,,,,,,,,,,,,
74,水月,Mizuki,,月月、月宝、小水母、蓝色小子,男,蓝发+粉渐变,粉瞳,161cm,3月22日,阿戈尔,特种,,美食评鉴、电子游戏（怀旧）,人外、渐变发色、黑丝、中靴、伞、背心、贝雷帽、外套、天然萌、长手套、大胃王、伪伪郎、黑暗料理、食人、触手、露腋、蓝切黑,东国,,软禁（现实线）和“深蓝之树”融入“始源的命脉”，平息大静谧（if线，“息潮的代价”）和“深蓝之树”同化为生态泉源，指引整个族群回归星海，以人类身份回归泰拉（if线，“如星空般深蓝”）,《Y1K》《Endospore》,Namie,760/1758,372/865,155/356,10月30日,慢 70秒,19/21,0,慢 3.5秒,伏击客,,,,,,,,,,,,,
75,老鲤,Lee,,海星超人、云淡风轻,男,黑、金,金瞳,193cm,10月25日,龙,特种,,源石技艺、厨艺、看相,兽人、墨镜、挑染、大叔、竖瞳、手套、慵懒、尾巴、鳍型耳朵、角、“吃两碗”,炎,鲤氏侦探事务所,,《却阑珊》《兔兔在哪里？》,KuroBlood,1179/2427,376/789,240/465,0/0,中等 25秒,7月9日,1,快 1.0秒,,龙门,,,,,,,,,,,,
76,归溟幽灵鲨,Specter the Unchained,劳伦缇娜,鲨鱼、诱0鲨,女,白发,红瞳,165cm,7月27日,阿戈尔,特种,,切断,鲨鱼娘、白发红瞳、超长发、虎牙、高跟鞋、黑色过膝袜、美甲、战斗狂、腹黑、御姐、圆锯、洒脱、深海女同、毒舌、阴阳怪气,阿戈尔,深海猎人,,《Awaken》,Skade,1311/2803,335/737,133/322,0/0,慢 70秒,14/16,2,中等 1.2秒,,,,,,,,,,,,,,
77,多萝西,Dorothy,多萝西・弗兰克斯,鼠鼠、DLC,女,金发,金瞳,170cm,5月8日,札拉克,特种,,源石技艺应用、新型施术单元研发,腿环、短靴、短袜、低马尾、外套半脱、过膝靴（精二）、御姐、圣母、科学家、心理阴影,哥伦比亚,,,《Magic Theorem》,Jacknife,702/1502,263/581,70/172,0/0,慢 70秒,10月12日,1,快 0.85秒,,,,,,,,,,,,,,
78,缄默德克萨斯,Texas the Omertosa,切利尼娜・德克萨斯,异德、翼德、张飞、穆罕默德,女,深蓝发,渐变瞳（上蓝下金）,161cm,6月1日,鲁珀,特种,,物流、白刃战,狼娘、M形刘海、巨剑、黑色连裤袜、隐藏巨乳、中靴、无口、冰美人、司机、后宫王、Pocky（抽烟）,哥伦比亚,企鹅物流,,《Thorns In You》《Laters》,幻象黑兔,747/1598,219/569,144/320,0/0,快 18秒,8月10日,1,快 0.93秒,,,,,,,,,,,,,,
79,麒麟R夜刀,Kirin R Yato,,异刀,女,,,161cm,5月14日,鬼,特种,,,双角、隐藏巨乳、露脐装、吊带袜、过膝靴、双持武器、认真,东国,,,,Skade,762/1629,218/565,143/318,0/0,快 18秒,8月10日,1,快 0.93秒,,,,,,,,行动组A4,,,,,,
80,琳琅诗怀雅,Swire the Elegant Wit,碧翠克斯・施怀雅,异诗、海猫、海虎、Theshy,女,橙发,,163cm,7月1日,菲林,特种,,战场指挥、商业投资,,龙门,,龙门近卫局局长,《Missy》,下野宏铭,1146/2360,386/810,235/457,0/0,中等 25秒,7月9日,1,快 1.0秒,,炎-龙门、汐斯塔,,,,,,,,,,,,
81,德克萨斯,Texas,切利尼娜・德克萨斯,德狗、脆脆狗、满潜模拟器、企鹅相簿、后宫王,女,深蓝发（外层），红发（内层）,渐变（上蓝下黄）,161cm,6月1日,鲁珀,先锋,押运员,驾驶、剑术、格斗,狼娘、M形刘海、手套、腿环、黑色连裤袜、制服、运动鞋、内层挑染、光剑、无口、冰美人、司机、后宫王、Pocky（抽烟）,哥伦比亚,企鹅物流、罗德岛,担任企鹅物流驻罗德岛联络员,《Speed of Light》《Melting White》,幻象黑兔,727/1950,202/500,139/343,0/0,慢 70秒,11月13日,2,中等 1.05秒,,,,,,,,,,,,,,
82,格拉尼,Grani,,小马驹、小马哥,女,白发,紫瞳,154cm,12月1日,库兰塔,先锋,,越障、纵深作战、枪术、巡逻,骑士、骑枪、警察、元气、马尾、双马尾、M形刘海、手套、马裤、大腿外侧开口裤（与斯卡蒂裤子互补）,维多利亚,,,,alchemaniac,877/2235,235/552,166/367,0/0,慢 70秒,12月14日,1,快 1.0秒,,卡西米尔,,40.3kg[来源请求],,,VC05,,,,,,,
83,凛冬,Зима,索尼娅,冬将军（Генерал Мороз）、冬哥、凶凶熊、斯大凛,女,棕发,蓝瞳,162cm,7月29日,乌萨斯,先锋,学生,械斗,熊娘、挑染、兽耳、M形刘海、短靴、腿环、不良少女、强气、组织领导人、乌萨斯粗口、斧、红秋裤,乌萨斯帝国切尔诺伯格市,乌萨斯学生自治团,,《从那高地上远眺》,Skade,812/2150,183/470,147/350,0/0,慢 70秒,11月13日,2,中等 1.05秒,,,,,,,,,,,,,,
84,苇草,Reed,拉芙希妮,“领袖”、苇名一草、芦本苇、大尾巴龙,女,白发,青瞳,172cm,10月16日,德拉克,先锋,,军事理论、诗歌、枪术、源石技艺（生命）,龙娘、角、呆毛、手套、尾巴、过膝靴、枪、替身、孤僻、无口、长直、超长发、钢化膜,维多利亚,,,,STAR影法师,870/2215,240/562,164/364,0/0,慢 70秒,10月12日,1,快 1.0秒,,,,,,,,,,,,,,
85,极境,Elysium,,小鸟、海鸟、鸡精、四千年一遇大帅哥、桃金郎、狂暴水壶组长、踩了高跷的杜林人,男,黑发、红发、白发,灰瞳,187cm,5月8日,黎博利,先锋,,导航（三维）、通讯、人际关系（玩笑）,自恋、挑染、话痨、残念系、酒豪、眼镜、沙雕、社交牛逼症,伊比利亚,,,《Before & After》,Skade,702/1669,237/533,154/335,0/0,慢 70秒,9月11日,1,较慢 1.3秒,,,,,,,,,,,,,,
86,贾维,Chiave,,沈腾、祖安狐狸、秧歌star，奥斯塔你给我等着,男,红发,黑瞳,182cm,9月9日,沃尔珀,先锋,,制定计划（灵感）、改造（灵感）、交涉（魅力）,狐耳、尾巴、红发、叙拉古粗口、特殊第一人称、无铁炮、狂气、刺头、脱线、工人、组织领导人、黑道、竖中指,叙拉古,罗德岛,,,Infukun,679/1824,212/522,138/342,0/0,慢 70秒,11月13日,2,中等 1.05秒,,,,,,,,,,,,,,
87,野鬃,Wild Mane,艾沃娜・克鲁科夫斯卡,狂野的骑士（故事集《红松林》中）、张飞,女,褐发,橙瞳,158cm,8月3日,库兰塔,先锋,,骑士冲锋,马娘、狂气、兽耳、尾巴、骑士、骑枪、盔甲,卡西米尔,红松骑士团,,《Bridge to the Dawn》《Field in the Light》,NoriZC,874/2225,238/558,168/372,0/0,慢 80秒,12月14日,1,快 1.0秒,,卡西米尔,,,,,,,,,,,,
88,夜半,Blacknight,,,女,黑发,褐瞳,166cm,11月2日,萨弗拉,先锋,,奇袭、伏击、驯养小型生物,高跟鞋、高马尾、弩、角、隐藏巨乳、耳环、腿环、露指手套、挑染、赏金猎人、宠物相伴、孤儿、驯兽师,雷姆必拓,,,,温泉瓜,726/1625,187/442,46/133,0,慢 70秒,12月14日,1,快 1.0秒,,,,,,,,,,,,,,
89,晓歌,Cantabile,,小哥、外国晓歌,女,蓝灰发,灰瞳,169cm,4月7日,黎博利,先锋,,,杀手（加入罗德岛前）、泪痣、巨乳、披风、腿环、黑色过膝袜、绝对领域、口琴、武器化乐器、冰美人、三无、PTSD（对杀手经历）,玻利瓦尔,,,《A Cold Call》,温泉瓜,857/1917,236/560,94/267,0,中等 35秒,8月10日,1,快 1.0秒,,,,,,,,,,,,,,
90,谜图,Puzzle,菲舍尔,me too,男,灰发+蓝挑染,紫瞳,177cm,12月5日,瓦伊凡,先锋,,乔装、情报搜集与分析、审讯,麻花辫、挑染、腿环,维多利亚,,,,kan,832/1860,239/566,85/244,0/0,中等 35秒,10月12日,1,快 1.0秒,,,近战位,,,,,,,,,,,
91,青枳,Poncirus,安麦尔・安蒂萝丝,,女,草绿发,浅紫瞳,155cm,11月21日,黎博利,先锋,,,不幸、建筑师、绝对领域、黑丝、短靴,汐斯塔,,,,NOCO,836/2215,177/455,151/360,0/0,慢 70秒,11月13日,2,中等 1.05秒,,汐斯塔,,,,,,,,,,,,
92,暴行,Savage,,,女,灰白发,灰瞳,160cm,6月30日,卡特斯,近卫,,战术攻坚、地质勘探,料理达人、过膝靴、黑丝、巨乳、拖把,雷姆必拓,,,,TOKI,1108/2430,284/705,135/320,0/0,慢 70秒,18/20/22,2月3日,中等 1.2秒,,,,,,,,,,,,,,
93,布洛卡,Broca,,大猫猫、电钻猫、米其林、性感电钻,男,黑发,黄瞳,189cm,2月4日,菲林,近卫,,木工、电工、交涉（恐吓）,兄贵、苦劳人、反差萌、兽耳、电锯、臂环、肌肉男,叙拉古,,,,Infukun,1064/2335,308/762,155/366,0/0,慢 70秒,19/21/23,2月3日,中等 1.2秒,,叙拉古,,,,,,,,,,,,
94,芙兰卡,Franka,,胖狐狸、皮狐狸、芙狸、芙剑圣、狐兰卡、湖南卡、F兰卡,女,棕发,金瞳,163cm,10月30日,沃尔珀,近卫,佣兵,侦察、剑术、驾驶、格斗,狐娘、兽耳、巨乳、尾巴、小恶魔系、长短袜（初始）、绝对领域、过膝袜（精二）、甜食控、领带、制服、高跟鞋、滑稽脸（精二）,哥伦比亚,黑钢国际、罗德岛,于罗德岛接受治疗并提供安保服务,《Beautiful & Lovely》,TOKI,1443/3768,416/936,105/235,0/0,慢 70秒,16/18,1,较慢 1.5秒,,,,,,,,,,,,,,
95,拉普兰德,Lappland,拉普兰德・萨卢佐,拉狗、落单的狼、Lappy,女,银发,银瞳,162cm,11月11日,鲁珀,近卫,杀手,暗杀、追踪术、驾驶,狼娘、兽耳、尾巴、伤疤、锯齿牙、隐藏巨乳、露脐装、热裤、抹胸、仆娘、狂气、战斗狂、乱发、发夹、美甲、双持武器,叙拉古,,,《ManiFesto:》《Laters》,幻象黑兔,987/2350,285/685,173/365,10月15日,慢 70秒,17/19,2,较慢 1.3秒,,,,,,,,,,,,,,
96,诗怀雅,Swire,碧翠克斯・施怀雅,Missy、大小姐、小老虎、诗警官、叉烧猫、诗富婆、富家女、吉祥物,女,金发,绿瞳,163cm,7月1日,菲林,近卫,,刑事侦查、犯罪心理学、企业管理、城际贸易,警察、大小姐、御姐、虎牙、绝对领域、龙门粗口、虎娘、商人、双螺旋、卷发、流星锤、反差萌、特殊第一人称、超长发、傲娇、挑染（皮肤限定）、吉祥物,龙门,龙门近卫局、罗德岛,担任龙门近卫局高级警司职务→切城事件后取代陈担任近卫局督查组组长→成为新任近卫局局长（参见琳琅诗怀雅）,《随意随意呀》,下野宏铭,774/1914,289/656,193/413,0,慢 70秒,14/16,2,中等 1.05秒,,,,,,,,,,,,,,
97,星极,Astesia,阿丝忒希娅・乌比卡,小闹钟、D32钢,女,蓝发,蓝瞳,165cm,7月10日,黎博利,近卫,,星象学、文献学、剑术,占星师、双胞胎、姐姐、公主辫、进气口发型、淑女（一般意义）,哥伦比亚,,,,YUJI,1150/2523,283/660,177/393,2010/10/15,慢 70秒,19/21,1,较慢 1.25秒,,,,,,,,,,,,,,
98,炎客,Flamebringer,,炎哥哥、红刀哥、炎黛玉,男,蓝发,金瞳,190cm,12月25日,萨卡兹,近卫,,刀术、侦察、观赏植物培育,嗜血、反差萌、恶魔、双持武器、虎牙、美甲,卡兹戴尔,,,,虎三,1496/3907,408/918,86/195,0/0,慢 70秒,18/20,1,较慢 1.5秒,,,,,,,,,,,,,,
99,因陀罗,Indra,汉娜・“因陀罗”・杰克森,欧皇之证,女,白发,金瞳,173cm,4月15日,菲林,近卫,帮派成员,武术、自由搏击,兽耳、强气、忠犬、伤疤、露脐装,不明,格拉斯哥帮,,《ManiFesto:》,Infukun,1213/2565,218/530,151/350,0/0,慢 70秒,8月10日,1,非常快 0.78秒,,,,,,,,,,,,,,
100,幽灵鲨,Specter,劳伦缇娜,鲨鲨、鲨鱼歌蕾蒂娅专用、电锯修女、欢乐喜锯人、虚假的深海猎人、危机合约指定重装,女,灰发,红瞳,162cm,7月27日,未公开阿戈尔,近卫,宗教人士,神学、械斗（海）,鲨鱼娘、修女、过膝靴、吊带袜、圆锯、披风、美甲、精神分裂症、白发红眼、特殊第一人称、绝对领域（未精二前）,阿戈尔,深海猎人,在罗德岛接受治疗,《Voices》,Skade,1199/2630,293/725,150/355,0/0,慢 70秒,19/21/23,2月3日,中等 1.2秒,,,,,,,,,,,,,,
101,柏喙,Bibeak,,小天鹅、流泪鸟鸟头、柏鲁那雷夫、力速双A弱女子、小柏喙,女,白发,白瞳,161cm,12月12日,黎博利,近卫,,服装设计、手艺品（编织）,天才、大小姐、弱气、露肩装、腿环、泡泡袖、裁缝,萨米,,,,RAYVON,1089/2550,245/602,146/332,0,慢 70秒,18/20/22,2,较慢 1.3秒,,,,,,,,,,,,,,
102,铸铁,Sideroca,,铁妈、保姆,女,紫发,棕瞳,164cm,3月17日,丰蹄,近卫,,械斗、侦查、要人保卫,佣兵、角、尾巴、巨乳、黑色连裤袜、乳蓬、中靴、妈妈,米诺斯,,,,将,1297/2845,266/620,166/369,10月15日,慢 80秒,21/23,1,较慢 1.25秒,,,,,,,,,,,,,,
103,断崖,Ayerscarpe,艾尔斯,黑兔兔、Kaji兔、欠电兔,男,黑发,橙瞳,173cm,10月25日,卡特斯,近卫,,要人保卫、侦查、预警,兔耳、凛娇、创可贴、反差萌、露脐装、抖M,雷姆必拓,,,,NoriZC,1016/2420,279/670,178/375,5月10日,慢 70秒,17/19,2,较慢 1.3秒,,,,,,,,,,,,,,
104,燧石,Flint,克玛尔,,女,黑发,蓝瞳,144cm,9月17日,黎博利,近卫,,拳击 除草 室内装饰,黑色皮肤、兜帽、露脐装、黑色连裤袜、白色连裤袜（时装限定）,萨尔贡,,,,aZLing4,1180/2495,224/545,144/334,0/0,慢 70秒,8月10日,1,非常快 0.78秒,,,,,,,,,,,,,,
105,鞭刃,Whislash,佐菲娅,姑妈,女,金发,蓝瞳,165cm,6月28日,库兰塔,近卫,,骑士竞技（指导）、消费（挥霍）,马娘、黑丝、绝对领域、兽耳、尾巴、蛇腹剑、反差萌、强气、巨乳、熟女、缎带、姑母、左撇子,卡西米尔,,,,龙崎いち,781/1932,283/645,197/420,0/0,慢 80秒,16/18,2,中等 1.05秒,,,,,,,,,,,,,,
106,战车,Tachanka,亚历山大・塞纳维耶夫,Lord、机枪哥、枪卡,男,,,183cm,11月3日,未知人类,近卫,,重武器使用、阵地防御、机械加工,,未知俄罗斯,彩虹小队,,,Ubisoft,1121/2626,253/621,135/309,0/0,慢 80秒,20/24,2,较慢 1.3秒,,,,,,,,,,,,,,
107,赤冬,Akafuyu,,螃蟹、蜘蛛蟹、蟹老板,女,紫发,黄瞳,176cm,3月27日,阿戈尔,近卫,,正传信影流居合据物斩剑法,武士、日本刀、近视、马尾、有胸的帅哥、特殊第一人称、视障、可食用,东国,东国,,,熊太,1491/3635,325/728,157/328,0/0,慢 70秒,21/23/25,1,中等 1.2秒,,,,,,,,,,,,,,
108,龙舌兰,Tequila,埃内斯托・萨拉斯,龙舌兰姑娘、信长、伯爵,男,金发,青瞳,182cm,5月15日,佩洛,近卫,,隐秘行动，博彩，酒水品鉴,腹黑、犬耳、尾巴、透明连帽衫、无袖衬衫、凉鞋、短裤、项链、手环、太阳镜、儿子、义兄,玻利瓦尔,,,,一千,1871/3757,137/302,238/501,15/15,慢 80秒,11月13日,2月3日,中等 1.2秒,解放者,,,,,,,,,,,,,
109,羽毛笔,La Pluma,拉菲艾拉・席尔瓦,异格灰喉、狂暴锄地组长,女,黑发,黑瞳,166cm,8月29日,黎博利,近卫,,侦查、隐秘行动、调酒,天然呆、长柄镰刀、父控、透明凉鞋、养女、妹妹、腿环、露腋、童颜巨乳、呆毛、进气口发型、发夹,玻利瓦尔,,,《A Long Vacation》,LAL!ROLE,1120/2250,297/650,215/452,0/0,慢 70秒,19/20/22,2001/2/2,较慢 1.3秒,收割者,,,,,,,,,,,,,
110,海沫,Highmore,,水彩笔、海猫,女,灰发,浅蓝瞳,156cm,8月23日,阿戈尔,近卫,,捕食，野外生存储备粮,卷发、镰刀、吊带袜、踩脚袜、凉鞋、可食用,伊比利亚,,,,Horin,1055/2120,306/670,216/454,0/0,慢 70秒,19/22,1月2日,较慢 1.3秒,收割者,,,,,,,,,,,,,
111,达格达,Dagda,伊莎贝尔・“达格达”・孟塔古,大哥大,女,黑发,暗金瞳,155cm,7月9日,菲林,近卫,,伦式剑术、狩猎,超长发、短靴、过膝靴,维多利亚,塔楼骑士→格拉斯哥帮,,,Infukun,1185/2506,236/574,134/310,0/0,慢 80秒,10月12日,1,非常快 0.78秒,,,近战位,,,,,,,,,,,
112,铎铃,Wind Chimes,,,女,灰发,灰瞳,175cm,4月7日,丰蹄,近卫,,野外寻路、捕猎,角、尾巴、巨乳、信使,炎,,,,亻,2325/5669,642/1438,0/0,0/0,慢 70秒,19/21/23,2,慢 2.5秒,,,近战位,,,,,,,,,,,
113,摩根,Morgan,,,女,浅黄发,蓝瞳,165cm,5月14日,菲林,近卫,,,,维多利亚,,,,Infukun,1459/3810,403/905,107/243,0/0,慢 80秒,18/20,1,较慢 1.5秒,,格拉斯哥帮,近战位,,,,,,,,,,,
114,火龙S黑角,Rathalos S Noir Corne,,,男,金发,异色瞳（左金右红）,180cm,8月30日,鬼,近卫,,,盔甲、面罩、大剑、异色瞳、锯齿牙、特殊第一人称,东国,,,,龙崎いち,1442/3518,324/726,169/351,0/0,慢 70秒,21/23/25,1,中等 1.2秒,,,,,,,,行动组A4,,,,,,
115,苍苔,Bryophyta,埃尼斯・维瑟,,男,黑发,浅紫瞳,178cm,9月29日,黎博利,近卫,,,哥哥、打工人、鼻血、孤儿、养子,汐斯塔,,,,Cenm0,768/1900,286/650,197/421,0/0,慢 80秒,16/18,2,中等 1.05秒,,汐斯塔,,,,,,,,,,,,
116,白金,Platinum,欣特莱雅,小天马、国际象棋、白金之星、食堂泼辣酱、脑白金、前台小妹、心特累呀,女,银发,棕瞳,160cm,2月13日,库兰塔,狙击,刺客,射击（长弓）、越障,doctor love、弓箭、兽耳、尾巴、白长直、刺客、黑色过膝袜、手套、单马尾、过膝靴、贫乳、露脐装、马娘、慵懒,卡西米尔,,,,Skade,693/1550,171/505,58/165,0/0,慢 70秒,11月13日,1,快 1.0秒,,,,（数据已处理）,,,,,（数据已处理）,,,,,
117,灰喉,GreyThroat,,小燕子,女,灰发,绿瞳,162cm,11月14日,黎博利,狙击,,射击（弩）、侦察、源石隔离技巧,弩、发饰、羽毛发饰、中长发、披风、冷娇、黑色过膝袜、PTSD、面瘫、热裤（精二）,未公开,罗德岛,,,m9nokuro,667/1493,173/513,53/152,0/0,慢 70秒,11月13日,1,快 1.0秒,,,,,,,,,,,,,,
118,蓝毒,Blue Poison,,Azureus、蓝呱呱、蓝妹妹、脆脆蛙、蓝莓,女,粉发,蓝瞳,157cm,1月18日,安努拉,狙击,杀手,毒理学,刺客、小天使、料理达人、doctor love、毒能力、下双马尾、弩、兜帽、绝对领域（精二立绘）、背带裤（精二立绘）、贫乳、特殊第一人称、麻花辫（皮肤）、露脐装（皮肤）,萨尔贡（凯尔图恩谷地）,,,,LLC,536/1230,178/535,45/130,5月5日,慢 70秒,11月13日,1,快 1.0秒,,伊比利亚,,,,,,,,,,,,
119,普罗旺斯,Provence,,大尾（yǐ）巴狼,女,紫发,金瞳,162cm,11月30日,鲁珀,狙击,天灾信使,射击（手弩）,超大尾巴、兽耳、弩、热裤、元气、麻花辫、隐藏巨乳,叙拉古,,,《A Sweet Rendez-vous》,渣念,716/1680,332/781,81/215,0/0,慢 70秒,15/17/19,1,较慢 1.6秒,,,,,,,,,,,,,,
120,守林人,Firewatch,,茂名守林人,女,灰发,绿瞳,158cm,,埃拉菲亚,狙击,狙击手,射击（弩）,角、弩、无口,未公开,,,,aZLing4,714/1450,486/1085,63/131,0/0,慢 70秒,19/21,1,慢 2.7秒,,,,,,,,,,,,,,
121,送葬人,Executor,费德里科・吉亚洛,费迪、阿葬、葬哥、葬天使（憨天使）、人形天使电脑心、高台近卫、宋主任、香草冰淇淋球、拉特兰拳皇、一像素的微笑,男,浅米发,青瞳,181cm,7月7日,萨科塔,狙击,,射击（铳）、格斗、精算,天使、光环、翅膀、霰弹枪、公务员、率直冷、破片地雷、“我感到迷惑”、一像素微笑、男妈妈,拉特兰,拉特兰公证所,晋升为圣徒,《A Cold Call》,Skade,1035/2330,327/720,100/185,0/0,慢 70秒,28/31,1,慢 2.3秒,,,,,,,,,,,,,,
122,陨星,Meteorite,明日方舟立绘 陨星 2.png,军火女王、合金弹头,女,金发,橙瞳,170cm,8月30日,萨卡兹,狙击,狙击手,射击（弩）,御姐、尾扎长发、丝带、角、温柔、黑丝、绝对领域、弩、巨乳,卡兹戴尔,,,,TOKI,770/1505,377/865,59/116,0/0,慢 70秒,24/26/28,1,慢 2.6秒,,,,,,,,,,,,,,
123,慑砂,Sesa,,“桥”、砂子哥、红毛傻蜥蜴、源石虫、庞贝、东方仗砂、彼岸穿魂炮,男,红发,红瞳,189cm,4月22日,瓦伊凡,狙击,,工业设计、铳械改造、射击（炮弩）,中二、红发、角、尾巴、泪痣、学霸,萨尔贡,,,,龙崎いち,847/1655,363/833,63/123,0,慢 70秒,24/26/28,1,慢 2.8秒,,,,,,,,,,,,,,
124,安哲拉,Andreana,,乌贼、墨鱼姐、海哲拉、法老、海猫络合物,女,紫发,蓝瞳,166cm,11月16日,阿戈尔,狙击,,家务,口罩、护目镜、触手、乌贼娘,伊比利亚,深海猎人、罗德岛,,,LLC,737/1498,479/1070,62/128,0/0,慢 70秒,19/21,1,慢 2.7秒,,,,,,,,,,,,,,
125,四月,April,爱尔莉,,女,黑发,紫瞳,157cm,1月27日,卡特斯,狙击,,音乐鉴赏（流行）、野外求生,兔娘、腿环、耳机、披风（皮肤）、短袜、运动鞋、元气,雷姆必拓,,,,れおえん,572/1280,178/528,56/160,0/0,慢 70秒,11月13日,1,快 1.0秒,,,,,,,,,,,,,,
126,奥斯塔,Aosta,,小狼崽、新尾巴、普狼修特,男,白发,黄瞳,177cm,5月9日,鲁珀,狙击,,手工、交涉（理性）,白发、狼人、合法正太、妈妈,叙拉古,,,,Infukun,1055/2376,314/691,103/192,0/0,慢 70秒,28/31,1,慢 2.3秒,,,,,,,,,,,,,,
127,熔泉,Toddifons,布洛德韦德・阿丽安罗特,,女,红发,蓝瞳、红瞳,168cm,7月31日,瓦伊凡,狙击,,射击（攻城弩）、设计（攻城武器）、锻造,龙娘、双马尾、角、尾巴、手套、兽爪手套、变瞳色、黑色过膝袜、弩、高飞车、无铁炮、隐藏巨乳、玛丽珍鞋,维多利亚,,,,山×2,820/1667,427/954,60/123,0/0,慢 70秒,21/23,1,慢 2.4秒,,,,,,,,,,,,,,
128,寒芒克洛丝,Kroos the Keen Glint,,异克,女,橙发,绿瞳,161cm,11月22日,卡特斯,狙击,,射击（弩）、侦查,眯眯眼、腹黑、巨乳、反差萌、黑色过膝袜、长靴、露脐装、近战弓兵,雷姆必拓,（前）行动预备组A1,,,下野宏铭,679/1520,169/502,61/176,0,慢 80秒,13/15,1,快 1.0秒,,,,,,,,,,,,,,
129,埃拉托,Erato,,,女,粉发,绿瞳,158cm,3月14日,黎博利,狙击,,弓术、竖琴演奏,超长发、乱发、手套、腿环、中靴、无袖、高跟鞋、开叉裙(精二)、飘带(精二),米诺斯,,,,温泉瓜,811/1648,428/957,60/125,0/0,慢 70秒,21/23,1,慢 2.4秒,,,,,,,,,,,,,,
130,承曦格雷伊,Greyy the Lightningbearer,,异格雷伊,男,棕发,棕瞳,169cm,6月6日,佩洛,,,源石技艺（电）、电气工程,犬郎、合法正太、手套、工作狂、工程师,玻利瓦尔,,,,我妻洛酱,778/1730,311/628,120/240,10月15日,慢 70秒,22/24,1,2.1秒,,,,,,,,,,,,,,
131,子月,Lunacub,,,女,,,148cm,10月3日,鲁珀,狙击,,狩猎、野外生存,吃货、猎人、弓、短靴、创可贴,叙拉古,,,,IRIS_呓,756/1536,462/1034,75/155,0,慢 70秒,19/21,1,慢 2.7秒,,,远程位,,,,,,,,,,,
132,截云,Jieyun,,,女,红棕发,金瞳,164cm,7月6日,阿纳萨,狙击,,荒野求生、阿纳萨巫术、飞轮投掷,中分、双角、露脐装、披风、长裤,炎,,,,伍秋秋秋秋,844/1650,364/835,59/115,0/0,慢 80秒,26/28/30,1,慢 2.8秒,,,远程位,,,,,,,,,,,
133,玫拉,Melanite,,,女,青发,红瞳,155cm,3月15日,斐迪亚,狙击,,,,哥伦比亚,,,,redjuice,709/1664,337/792,79/210,0/0,慢 70秒,15/17/19,1,较慢 1.6秒,,,远程位,,,,,,,,,,,
134,隐现,Insider,里凯莱・科伦波,,男,黑发,黑瞳,184cm,11月14日,萨科塔,狙击,,,摸鱼、路人脸、公务员、枪械、手套、外套披肩、光环、翅膀、短袖、甜食控,拉特兰,,,,umo_yszx,644/1440,177/522,63/178,0/0,慢 80秒,13/15,1,快 1.0秒,,,远程位,,,,,,,,,,,
135,冰酿,Coldshot,安娜・米特朗,海伦娜、玛德琳,女,紫发,青绿瞳,173cm,7月26日,埃拉菲亚,狙击,,,双角、酒保、熟女、黑色过膝袜、长靴、巨乳、发箍、手套、长发、卷发、渐变色发、遮右眼发,哥伦比亚,,,,Mag42,845/1855,476/958,105/224,0/0,慢 80秒,17/19/21,1,较慢 1.6秒,,哥伦比亚,,,,,,,,,,,,
136,拜松,Bison,,小牛、背水一战的勇士、白送、美国队长,男,棕发,棕瞳,163cm,10月15日,丰蹄,重装,,人事管理、运输、驾驶（自行车）,正太、大少爷、角、盾牌,龙门,o驰物流→o联贸易,,,龙崎いち,1475/3456,198/375,245/701,0/0,慢 70秒,20/22/24,3,中等 1.2秒,,龙门→汐斯塔,,,,,,,,,,,,
137,,Hung,高希声,事务所全职保安、口牛、哞、哇、咩、喵、呱、咳、哼、大奶狗、妈妈、炼狱耸倮伞⒅鞫让博士上♂的男人,男,白发,橙瞳,183cm,7月1日,佩洛,重装,,厨艺、人际关系（交好）,兽人、盾牌、料理达人、挑染、大哥、妈妈,龙门,鲤氏侦探事务所、罗德岛,,《兔兔在哪里？》,KuroBlood,1172/2823,182/442,244/585,10月10日,慢 70秒,17/19/21,2月3日,中等 1.2秒,,,,,,,,,,,,,,
138,火神,Vulcan,,欧皇之证，大姐,女,黑发,红瞳,170cm,4月30日,丰蹄,重装,武器锻造师,锻造、武器设计,连帽衫、铁匠、三无、义肢、盾牌、短发、料理达人、角,米诺斯,,,,neco,1574/3688,344/820,222/585,10月10日,慢 70秒,31/33/35,2月3日,较慢 1.6秒,,,,,,,,,,,,,,
139,可颂,Croissant,,摆摊战士、面包人、牛角面包,女,橙发,蓝瞳,163cm,9月29日,丰蹄,重装,押运员,商业推广,关西腔、角、盾牌、战锤、怪力、元气、阿卡林、二五仔,米诺斯,企鹅物流,,《秋绪》,幻象黑兔,1503/3520,201/380,249/710,0/0,慢 70秒,18/20/22,3,中等 1.2秒,,,,,,,,,,,,,,
140,雷蛇,Liskarm,,充电宝,女,灰发,红瞳,156cm,5月18日,瓦伊凡,重装,佣兵,侦查、源石技艺、驾驶、格斗,角、尾巴、枪械、盾牌、隐藏巨乳、电能力,瓦伊凡,黑钢国际,,《Beautiful & Lovely》,TOKI,1307/3240,219/425,256/710,0/0,慢 70秒,18/20/22,3,中等 1.2秒,,,,,,,,,,,,,,
141,临光,Nearl,玛嘉烈・临光,耀骑士、六边形战士、佐仓马,女,金发,橙瞳,171cm,4月23日,库兰塔,重装,耀骑士,防卫保全、田径、法术治疗,耀骑士、姐姐、兽耳、尾巴、盾牌、锤、盔甲、隐藏巨乳、凛娇、强气、单马尾、尬舞(泳装限定)、光能力、双马尾,卡西米尔,使徒,,,龙崎いち,1154/2780,191/462,240/575,10月10日,慢 70秒,17/19/21,2月3日,中等 1.2秒,,,,,,,,,,,,,,
142,石棉,Asbestos,,刘醒、乌蝇哥,女,紫发,（左）绿、（右）紫,156cm,7月30日,萨弗拉,重装,,野外求生、生态学,锯齿牙、探险家、紧身衣、鸭舌帽、内层挑染、异色瞳、傲娇、“姑奶奶”、粗口、遮眼发,雷姆必拓,,,,TEAM EXPNDR,1252/3135,265/633,223/555,2005/10/15,慢 70秒,21/25,3,较慢 1.6秒,,,,,,,,,,,,,,
143,闪击,Blitz,伊莱亚斯・库兹,闪盾、特雷西斯、火车王,男,金发,金瞳,175cm,4月2日,未知人类,重装,,语言学、体能训练,,未知德国,彩虹小队,,,Ubisoft,1296/3213,230/445,243/676,0,慢 70秒,18/20/22,3,中等 1.2秒,,,,,,,,,,,,,,
144,暴雨,Heavyrain,,,女,灰白发,紫瞳,159cm,3月3日,库兰塔,重装,,武器技巧（军事）,,萨尔贡,罗德岛,,,aZLing4,1443/3380,199/378,253/721,0/0,慢 80秒,20/24,3,中等 1.2秒,,,,,,,,,,,,,,
145,灰毫,Ashlock,格蕾纳蒂・卡利斯卡,小灰、小坚果,女,浅棕灰发,灰瞳,164cm,3月20日,扎拉克,重装,,火炮操控、阵地战,骑士、兽耳、尾巴、松鼠娘、巨乳、贵族,卡西米尔,红松骑士团,,《Bridge to the Dawn》《Field in the Light》,NoriZC,1293/3207,446/865,194/541,0/0,慢 70秒,23/25/27,2月3日,慢 2.8秒,要塞,,,,,,,,,,,,,
146,极光,Aurora,洛拉,冰刀姐,女,白发,蓝瞳,169cm,12月20日,乌萨斯,重装,,雪地生存、谢拉格式奶酪火锅,遮眼发、兽耳、露脐装、兽爪鞋,谢拉格,罗德岛,,,LAL!ROLE,1696/4027,413/901,257/640,0,慢 70秒,28/30/32,1,较慢 1.6秒,,,,,,,,,,,,,,
147,暮落,Shalem,,沉渊,男,紫发,紫瞳,179cm,12月9日,斐迪亚,重装,,艺术鉴赏、茶艺,尖耳朵、尾巴、西装、演员、蛇、反差萌,维多利亚,猩红剧团（前）、罗德岛,,,Cenm0,1234/3090,286/649,221/550,5月15日,慢 70秒,21/23/25,3,较慢 1.6秒,,,,,,,,,,,,,,
148,车尔尼,Czerny,威廉・菲赫特・车尔尼,,男,红发,绿瞳,182cm,9月10日,埃拉菲亚,重装,,音乐教育、调音,角、御兄、美人痣、单片眼镜、长靴、手套、贫穷、音乐家、燕尾服,莱塔尼亚,,,,九日九号,1246/3122,262/625,231/577,2005/10/15,慢 80秒,23/25/27,3,较慢 1.6秒,,,,,,,,,,,,,,
149,火哨,Firewhistle,阿格妮,小咪,女,棕发,金瞳,166cm,5月6日,黎博利,重装,,花式玩火、野外生存、应付上级,短发、外套半脱、紧身裤、露脐装、运动鞋,雷姆必拓,,,,IRIS_呓,1203/2983,456/882,205/568,0/0,慢 70秒,23/25/27,2002/3/3,慢 2.8秒,,,近战位,,,,,,,,,,,
150,洋灰,Cement,夏娜・穆伊曼,,女,灰发,灰瞳,155cm,10月25日,札拉克,重装,,,工人,雷姆必拓,,,,科学,1534/3642,460/1002,252/628,0/0,慢 70秒,28/30/32,1,较慢 1.6秒,,,近战位,,,,,,,,,,,
151,白面^,Ptilopsis,乔伊丝・摩尔,白咕咕白面号鸟win10宿舍快乐鸟,女,白发,金瞳,164cm,10月6日,黎博利,医疗,数据管理员,生命科学、基础医学,兽耳、天然呆、机娘（只是在说话上）、过膝靴（精二）,哥伦比亚,莱茵生命,,,龙崎いち,751/1610,122/335,71/150,0/0,慢 70秒,15/17,1,慢 2.85秒,,,,,,,,,,,,,,
152,赫默,Silence,奥利维亚・赫默,赫妈、赫咕咕、无人机、孩子她妈、罗德岛人事部部长,女,棕发,金瞳,154cm,5月18日,黎博利,医疗,源石项目领头人,生命医学、药理学、心理学,眼镜、嗜睡、短发、长短袜、科学家、医生、无人机、认真、温柔、文静、反差萌、妈妈、红眼特效（精二立绘）,哥伦比亚,莱茵生命结构科,,《Snowy Night》,NoriZC,845/1595,166/482,62/142,0/0,慢 70秒,17/19,1,慢 2.85秒,,,,,,,,,,,,,,
153,华法琳,Warfarin,,血先生fafa琳、FF0,女,白发,红瞳,157cm,6月27日,萨卡兹（血魔）,医疗,医生,临床医学、血液学、急救,吸血鬼、尖耳、医生、白发红瞳、白长直、黑丝、残念系、腿环、特殊第一人称、白色皮肤,卡兹戴尔,,威严满满的罗德岛元老,,时辰,805/1520,172/505,55/125,0/0,慢 70秒,17/19,1,慢 2.85秒,,,,,,,,,,,,,,
154,微风,Breeze,格蕾丝・亚利桑那,幼儿园领班意大利炮,女,茶发,茶瞳,162cm,6月24日,沃尔珀,医疗,,药理学、医护,大小姐，狐娘，巨乳,维多利亚,,,,藻,745/1595,125/343,72/153,0,慢 70秒,15/17,1,慢 2.85秒,,,,,,,,,,,,,,
155,锡兰,Ceylon,锡兰・道尔科斯,西兰花、大小姐,女,粉发,橙瞳,162cm,9月25日,黎博利,医疗,,源石理论（化学）、源石技艺（水文）、护理学,大小姐、义妹、学霸、长发、傲娇、主人、伞、靴子、学者,汐斯塔（独立城邦）,罗德岛,,,Skade,798/1455,164/468,55/126,10月10日,慢 80秒,20/22,1,慢 2.85秒,,,,,,,,,,,,,,
156,亚叶,Folinic,路易莎,高阶术师,女,棕发,黄瞳,164cm,8月18日,菲林,医疗,,药理学、毒理学、投掷,认真、强气、复仇、黑丝、踩脚袜（时装）、高马尾（时装）、医生（杀敌也算治疗队友）,乌萨斯,,,,m9nokuro,839/1585,163/479,58/133,0/0,慢 80秒,19/21,1,慢 2.85秒,,,,,,,,,,,,,,
157,絮雨,Whisperain,,,女,灰发,蓝瞳,169cm,3月6日,阿戈尔,医疗,,医疗、急救、电影鉴赏,医师、伞、眼罩、病弱、巨乳、露背装、手套、黑白丝,伊比利亚,现作为随行医师临时加入医疗部，短期内与罗德岛同行,,,Chuzenji,785/1432,172/492,52/119,10月10日,慢 70秒,18/20,1,慢 2.85秒,,,,,,,,,,,,,,
158,图耶,Tuye,,祥子、好耶,女,灰发,紫瞳,153cm,4月15日,丰蹄,医疗,,沙漠向导、蜜果品鉴,,萨尔贡,,,,aZLing4,821/1550,167/493,59/135,0/0,慢 80秒,19/21,1,慢 2.85秒,,,,,,,,,,,,,,
159,桑葚,Mulberry,谷宁宁,,女,白发,蓝瞳,158cm,6月26日,黎博利,医疗,,应急救援、背诵全文、珠算,护目镜、弱气、披风、兜帽、黑色短袜、运动鞋,炎,炎国灾害救援组织“春乾”,被组织“春乾”派遣至罗德岛学习,,Jacknife,750/1367,136/388,43/99,10月10日,慢 70秒,13/15,1,慢 2.85秒,行医,,,,,,,,,,,,,
160,蜜莓,Honeyberry,佐伊・伯里斯,凯露,女,灰发,黄瞳,155cm,3月20日,扎拉克,医疗,,草药学、心理疏导（谈话）,下双马尾、白色过膝袜、兽耳、尾巴、医生、兜帽、挑染,雷姆必拓,,,,Liyu黎,799/1458,131/375,46/107,0/0,慢 70秒,13/15,1,慢 2.85秒,,雷姆必拓,,,,,,,,,,,,
161,濯尘芙蓉,Hibiscus the Purifier,,芙蓉王、灌水芙蓉、希特勒,女,紫发,紫瞳,160cm,6月21日,萨卡兹,医疗,,医疗、健康护理,姐姐、角、尾扎长发、巨乳、长笛、短裤、黑色过膝袜、绝对领域、手套、武器化乐器,维多利亚,（前）行动预备组A1,,,下野宏铭,826/1508,178/511,47/109,10/15/20,慢 70秒,15/17,1,较慢 1.6秒,,,,,,,,,,,,,,
162,明椒,Paprika,,,女,棕发（发根）、红发（发梢）,棕瞳,155cm,3月13日,萨卡兹,医疗,,饰品编织、支援,角、渐变发色、凉靴、特殊第一人称,哥伦比亚,,,,板板,913/1666,153/439,74/171,0/0,慢 70秒,16/18,1,慢 2.85秒,,,远程位,,,,,,,,,,,
163,初雪,Pramanix,恩雅・希瓦艾什,恩雅、毛茸茸、喀兰圣女（摸鱼猛女）、大小姐、神启者、应被称颂者,女,白发,灰瞳,161cm,2月13日,菲林,辅助,宗教人士,神事,兽耳、尾巴、双麻花辫、项链、开叉裙、过膝袜、长靴、姐姐、妹妹、女神系、垂眼、圣女、摸鱼,谢拉格,喀兰贸易,,,龙崎いち,629/1605,193/430,46/102,15/25,慢 70秒,10月12日,1,较慢 1.6秒,,,,,,,,,,,,,,
164,格劳克斯,Glaucus,,小格劳、海蛞蝓、桌面清理大师,女,灰发,蓝瞳,159cm,7月27日,未公开阿戈尔,辅助,,武器测试、电磁学应用,挑染、尾巴、外骨骼、露脐装（时装限定）,阿戈尔,,,,下野宏铭,592/1267,213/505,45/100,10/15/20,慢 70秒,13/15,1,慢 1.9秒,,,,,,,,,,,,,,
165,空,Sora,,,女,金发,红瞳,155cm,9月12日,卡特斯,辅助,偶像,演唱、舞蹈、表演、配音,偶像、双马尾、隐藏巨乳、白色过膝袜、长靴、犬耳实际上是兔耳,因经纪公司要求不公开,企鹅物流,,《Melting White》,幻象黑兔,519/1356,133/335,95/238,0/0,慢 70秒,5月7日,1,快 1.0s,,,,,,,,,,《any》,,,,
166,梅尔,Mayer,梅尔・斯托尼,梅良梅影,女,灰发,灰瞳,159cm,11月20日,阿纳缇,辅助,电机工程学工程师,建筑学、工业设计、机械操控,工作狂、阿卡林,哥伦比亚,莱茵生命工程科鲁特拉工作室,,《Everything's Alright》,幻象黑兔,480/1068,199/443,56/130,15/20,慢 70秒,9月11日,1,较慢 1.6秒,,,,,,,,,,,,,,
167,真理,Истина,安娜・莫罗佐娃,政委、眼镜熊、薄荷熊,女,蓝发,蓝瞳,156cm,9月22日,乌萨斯,辅助,学生,文学研究、社会工程学,文学少女、单片眼镜、麻花辫、及膝袜、死亡发型、书、星星发饰、制服,乌萨斯帝国切尔诺伯格市,乌萨斯学生自治团,,《从那高地上远眺》,Skade,581/1280,218/518,46/104,0/20,慢 70秒,13/15,1,慢 1.9秒,,,,,,,,,,,,,,
168,巫恋,Shamare,,Sha Ma Ren勿炼,女,粉发,粉瞳,138cm,10月29日,沃尔珀,辅助,,源石技艺（精神）、裁缝,萝莉、哥特萝莉、粉切黑、白色连裤袜、露脐装,叙拉古,,,《Heart Forest》,下野宏铭,677/1728,184/408,48/105,15/25,70秒,10月12日,1,慢 1.6秒,,,,,,,,,,,,,,
169,稀音,Scene,,,女,银发,黄瞳,154cm,12月31日,皮洛萨,辅助,,摄影,侧单马尾、短发、相机、慵懒、长短袜、腿环别枝：和服、伞、白色连裤袜、长靴、厚底鞋,萨尔贡,,,《Your Star》,アシマ,496/1105,194/432,67/155,15/20,慢 70秒,9月11日,1,较慢 1.6秒,,,,,,,,,,,,,,
170,月禾,Tsukinogi,,胜利,女,黑发,灰瞳,165cm,5月3日,埃拉菲亚,辅助,,气候侦测、舞蹈、心理学,巨乳、温柔、巫女,东,,,,上,635/1620,173/385,81/175,15/20/25,慢 70秒,10月12日,1,较慢 1.6秒,,,,,,,,,,,,,,
171,九色鹿,Nine-Colored Deer,,,女,白发,灰瞳,172cm,12月8日,埃拉菲亚,辅助,,鲜花种植、药理学,兽耳、露脐装、脚环、妈妈、鹿娘,炎,,,,IRIS_呓,660/1685,200/443,83/179,15/25,慢 70秒,9月11日,1,较慢 1.6秒,,,,,,,,,,,,,,
172,夏栎,Quercus,,,女,金发,金瞳,174cm,12月22日,菲林,辅助,,野外生存、情报收集（交际）,虎尾、德鲁伊,维多利亚,罗德岛,,,YUJI,658/1680,209/463,80/172,15/25,慢 70秒,10月12日,1,较慢 1.6秒,,,,,,,,,,,,,,
173,海蒂,Heidi,海蒂・汤姆森,,女,粉发,蓝瞳,165cm,3月26日,菲林,辅助,,写作（虚构故事）,傲娇、大小姐、遮阳帽、露肩装、高跟鞋、痴女,维多利亚,罗德岛,,,熊太,482/1260,126/320,107/268,0/0,慢 80秒,7月9日,1,快 1.0秒,,维多利亚,,,,,,,,,,,,
174,掠风,Windflit,,,男,黑发,橙瞳,180cm,2月2日,佩洛,辅助,,设备维修,认真、工人、创可贴、手套,哥伦比亚,,,,nineo,1182/2600,238/565,193/425,0,70秒,14/16/18,2,较慢 1.5秒,,,,,,,,,,,,,,
175,但书,Proviso,黛丝特,,女,灰发,蓝瞳,165cm,10月30日,库兰塔,辅助,,,,卡西米尔,,,,せんむ,606/1298,216/513,46/102,10月20日,慢 70秒,13/15,1,慢 1.9秒,,,远程位,,,,,,,,,,,
176,凛视,Valarqvin,,,女,黑发,银白瞳,188cm,本人表示无确切日期,萨卡兹,辅助,,,,萨米,,,,伍秋秋秋秋,429/1097,202/447,46/101,5月15日,慢 70秒,13/15,1,较慢 1.6秒,,萨米,,,,,,,,,,,,
177,阿米娅,Amiya,,兔兔、魔王、CEO阿米驴、阿米骡卫米娅、卫宫,女,棕发,蓝瞳,142cm,12月23日,卡特斯/奇美拉,术师/近卫,罗德岛公开领导人兼指挥官,小提琴,兔（驴）耳、戒指、项圈、腿环、脚环、兜帽、单马尾、黑丝、萝莉、温柔、天然萌、CEO,雷姆必拓,罗德岛,担任罗德岛公开领袖,《Boiling Blood》《Reversed time》《夏浪》《Crystallize》《Heart Forest》《Melting White》《Before Summer》,唯@W,1199/2629,282/657,170/376,15/20,慢 70秒,19/21,1,较慢 1.25秒,,,,,,,,,,,,,,
178,天火,Skyfire,艾塞尔芙蕾・尤利叶・蒙贝兰,火子姐、法术慑砂、远坂天火,女,棕发,橙瞳,162cm,6月1日,菲林,术师,术师,源石技艺理论,猫耳、大小姐、死库水（时装限定）、黑丝、天才、傲娇,维多利亚,王者之杖、罗德岛,,《A Sweet Rendez-vous》,TOKI,727/1620,364/784,48/112,10/15/20,慢 70秒,30/33,1,慢 2.9秒,,,,,,,,,,,,,,
179,夜魔,Nightmare,瑞贝尔・帕斯贝莱蒂・葛罗莉亚,,女,白发,左蓝右橙,156cm,6月1日,菲林,术师,学生,心理学,多重人格、绝对领域、过膝靴、异色瞳、猫娘、外套半脱、弱气、隐藏巨乳、黑化、战斗狂、狂气,维多利亚,,,《Your Star》,Lpip,658/1510,281/622,45/120,10月20日,慢 70秒,18/20,1,较慢 1.6秒,,,,41.4kg,,,,,,,,,,
180,惊蛰,Leizi,麟青砚,监察司、小姨、雷子姐,女,黄发,紫瞳,171cm,3月5日,麒麟,术师,,源石技艺（雷电）、律法、刑侦,傲娇、黑丝（未精二）、白丝（精二）、公务员、电能力,炎,,被流放,,龙崎いち,590/1443,295/635,47/119,10/15/20,慢 70秒,29/32,1,慢 2.3秒,,炎,,,,,,,,,,,,
181,苦艾,Absinthe,卓娅/Zoya/Зоя,小艾、灰熊熊、梨衣熊,女,灰发,红瞳,159cm,11月10日,乌萨斯,术师,,安保、巡查（战时禁酒）,无口、剪发、制服、女儿,乌萨斯,,,《从那高地上远眺》,aZLing4,619/1420,286/633,47/124,10/15/20,慢 80秒,20/22,1,较慢 1.6秒,,,,,,,,,,,,,,
182,特米米,Tomimi,,大虾仁,女,白发,暗金瞳,142cm,2月2日,阿达克利斯,术师,,烧烤 挖掘 管理,萝莉、哥特萝莉、尾巴、忠犬、族长,萨尔贡,,,,Chuzenji,837/1920,271/600,45/119,10月20日,慢 80秒,20/22,1,较慢 1.6秒,,,,,,,,,,,,,,
183,莱恩哈特,Leonhardt,,莱特、金兔兔、狮子兔、kkdy她哥、兔比欧、大锤,男,金发,青瞳,165cm,8月13日,卡特斯,术师,,结构力学、爆破工程学、选矿（源石技艺）,正太、兔耳、尾巴、元气、长短袜、天然黑、鸳鸯袜、吊带袜、腿环,雷姆必拓,,,,野崎つばた,734/1637,359/773,47/120,10/15/20,慢 70秒,30/33,1,慢 2.9秒,,,,,,,,,,,,,,
184,蜜蜡,Beeswax,安克赫娜,埃及羊、法老羊、沸羊羊、真正的高台重装,女,白发,金瞳,157cm,9月15日,卡普里尼,术师,,源石技艺（祭祀）、角护理、沙塑,棕色皮肤、妹妹、角、祭司、天然呆、女神系、腿环,萨尔贡,罗德岛,,,カワグチ,1052/2005,378/735,131/205,15/15,慢 70秒,21/23,1,慢 2秒,,,,,,,,,,,,,,
185,薄绿,Mint,埃莉诺,,女,白发,蓝瞳,155cm,2月5日,菲林,术师,,源石技艺、攀爬、石料鉴定,黑色过膝袜、猫娘、法师、学妹、优等生、好奇月宵：团子、广袖、白色短袜、玛丽珍鞋,维多利亚,,,,ヌ`ドル,1020/1945,377/732,125/196,15/15,慢 80秒,23/25,1,慢 2.0秒,,,,,,,,,,,,,,
186,爱丽丝,Iris,,鸢尾、阿比盖尔,女,金发,蓝瞳,147cm,4月2日,菲林,术师,,茶点搭配、源石技艺、讲故事,傲娇、蝴蝶结、头花、洛丽塔装、猫耳、尾巴、素足履、越野车,维多利亚,,,,下野宏铭,669/1535,548/1259,48/125,10/15/20,慢 70秒,22/24,1,慢 3.0秒,,,,,,,,,,,,,,
187,炎狱炎熔,Lava the Purgatory,,,女,紫发,紫瞳,158cm,6月22日,萨卡兹,术师,,源石技艺（炎狱）、灾害专家,中二、妹妹、恶魔、傲娇,维多利亚,（前）行动预备组A1,,,下野宏铭,692/1543,370/758,46/115,10/15/20,慢 80秒,32/35,1,慢 2.9秒,,,,,,,,,,,,,,
188,蚀清,Corroserum,,,男,黑发,金瞳,172cm,4月7日,斐迪亚,术士,雷神工业项目小组经理助理,报表制作、腐蚀科学,腿环、尾巴、尖耳朵、眉钉、耳饰,哥伦比亚,雷神工业,,,Jacknife,686/1572,343/760,45/120,10/15/20,慢 70秒,30/33,1,慢 2.9秒,,,,,,,,,,,,,,
189,耶拉,Kjera,耶拉冈德,雅儿、冈门,女,黑、蓝,蓝瞳,165cm,12月5日,未公开“神”,术师,,烹饪（谢拉格）,内层挑染、尾巴、黑丝、呆毛、妈妈、不老不死、神明,谢拉格,蔓珠院,,,龙崎いち,604/1475,135/294,48/121,10/15/20,慢 80秒,21/23,1,较慢 1.3秒,,,,,,,,,,,,,,
190,洛洛,Rockrock,,,女,黑发,金瞳,161cm,6月7日,菲林,术师,,火车锅炉技术 动手能力（粗糙）,工人、猫耳、黑丝、手套、恋旧,维多利亚,伦蒂尼姆市民自救军,,,Cemn0,600/1468,143/320,49/123,10/15/20,慢 80秒,19/21,1,较慢 1.3秒,,,,,,,,,,,,,,
191,星源,Astgenne,埃琳娜・乌比卡,,女,蓝发,蓝瞳,166cm,7月10日,黎博利,术师,,电气学、工程学,双胞胎、妹妹、理科少女、乱发、高马尾、手套、中靴、绝对领域、披风、护目镜、强气,哥伦比亚,莱茵生命,,,YUJI,589/1440,293/630,48/122,10/15/20,慢 70秒,29/32,1,慢 2.3秒,,,,,,,,,,,,,,
192,至简,Minimalist,斯第奇・画布,空中杰斯顿,男,灰黑色（白色挑染）,金瞳,130cm,4月20日,杜林,术师,,建筑设计,尖耳朵、挑染、建筑师、手套、短裤、短袜,杜林,,,,亻,573/1400,148/320,47/120,10/15/20,慢 80秒,21/23,1,较慢 1.3秒,,,,,,,,,,,,,,
193,雪绒,Qanipalaat,,,男,,,169cm,12月12日,沃尔珀,术师,,救援,,萨米,,,,三目YYB,654/1500,283/625,45/119,10月20日,慢 70秒,18/20,1,较慢 1.6秒,,,远程位,,,,,,,,,,,
194,和弦,Harmonie,洛西莉,阿赫茉妮,女,绿发,绿瞳,160cm,5月13日,菲林,术师,,情报刺探,齐刘海、超长发、巨乳、猫耳、外套披肩、百褶裙、尾巴、及膝袜、中靴、吊眼邀约：白色连裤袜、高跟鞋,维多利亚,,,,STAR影法师,674/1546,543/1245,48/125,10月20日,慢 70秒,22/24,1,慢 3.0秒,,,远程位,,,,,,,,,,,
195,寒檀,Santalla,西蒙娜,寒檀木裔,女,白发,金瞳,,,菲林,术师,,萨米仪式、源石技艺（暴风雪）,猫娘、御姐、遮左眼发、哥萨克帽、过膝靴、萨满,萨米,,,,Studio Montagne,736/1640,357/770,49/123,10月20日,慢 70秒,30/33,1,慢 2.9秒,,,,,,,,,,,,,,
196,红,ProjeKT Red,,红红、小红帽、罗德岛摔炮,女,灰发,金瞳,162cm,8月25日,鲁珀,特种,杀手,暗杀、潜入、野外生存、追踪术,匕首、刺客、兜帽、反差萌、天然呆、天然萌、第三人称己称、心智不全、单纯、中长发、尾巴、犬耳、狼娘、连体泳装(夏活皮肤)、痴女（对鲁珀族尾巴）,,S.W.E.E.P原型,,,Infukun,703/1505,204/530,135/302,0/0,快 18秒,7月9日,1,快 0.93秒,,,,,,,,,,,,,,
197,槐琥,Waai Fu,槐琥,鬼虎、母老虎、画伯虎、行侠仗义第一人、Waifu,女,棕发,橙瞳,162cm,12月1日,菲林,特种,,红眉咏春拳、机械工程及自动化,眼镜、兽人、大学生、旗袍、元气、格斗家,炎,鲤氏侦探事务所、罗德岛,,《兔兔在哪里？》,KuroBlood,680/1455,207/536,137/304,0/0,快 18秒,7月9日,1,快 0.93秒,,,,,,,,,,,,,,
198,狮蝎,Manticore,,,女,紫发,紫瞳,155cm,,曼提柯,特种,杀手,潜入,阿卡林、尾巴、害羞、巨乳、双马尾,萨尔贡,,,,龙崎いち,777/1630,378/811,141/343,0/30,慢 70秒,18/20,0,慢 3.5秒,,,,,,,,,,,,,,
199,食铁兽,FEater,万笙笙,熊猫、熊猫人,女,银发,红瞳,160cm,8月10日,乌萨斯,特种,拳法家、前演员,拳击,挑染、双马尾、旗袍、巨乳、墨镜、露脐装(时装),炎,,,,RAN,852/1845,279/640,158/382,0/0,慢 70秒,18/20,2,中等 1.2秒,,,,,,,,,,,,,,
200,雪雉,Snowsant,,雪鸡、小鸡仔、捡币鸡、特困人口,女,黑、白,橙瞳,155cm,10月17日,黎博利,特种,,工业设计、修理、努力、勤俭节约,弱气、天然呆、双色发、苦劳人、贫穷,龙门,,与罗德岛签订合约,《随意随意呀》,NoriZC,794/1835,320/745,155/355,0,慢 70秒,13/15,2,慢 1.9秒,,,,,,,,,,,,,,
201,崖心,Cliffheart,恩希亚・希瓦艾什,二小姐、小豹豹、豹妹妹,女,白发,灰瞳,163cm,11月28日,菲林,特种,登山家,攀岩、野外生存,元气、妹妹、贝雷帽、长短袜、露脐装、调皮、探险者,谢拉格,喀兰贸易,,,龙崎いち,852/1970,329/765,148/340,0/0,慢 70秒,11月13日,2,慢 1.8秒,,,,,,,,,,,,,,
202,罗宾,Robin,,,女,黑发,黄瞳,155cm,5月18日,阿纳缇,特种,,影视作品鉴赏、陷阱制作,兽耳、尾巴、贫穷,哥伦比亚,,,,aZLing4,674/1442,232/513,68/166,0/0,慢 80秒,11月13日,1,快 0.85秒,,,,,,,,,,,,,,
203,卡夫卡,Kafka,,剪刀手爱德华、贝蒙斯坦、朝雾、杨二嫂、苍星石,女,棕发,黄瞳,149cm,12月1号,黎博利,特种,,观赏植物培育（盆栽）、交涉（诱导）,元气、腿环、腹黑、园丁、合法萝莉、第三人称己称,哥伦比亚,,,,NoriZC,783/1675,202/525,140/311,0/0,快 18秒,7月9日,1,快 0.93秒,,,,,,,,,,,,,,
204,乌有,Mr.Nothing,,老楚、乌哥、ZC、汪峰、四叔,男,深蓝发，红发（发尾）,蓝瞳,187cm,1月13日,黎博利,特种,,垂钓、风水、炎国武术（扇）,胡子、折扇、墨镜、麻花辫、挑染、伞、绷带、素足履、大叔、爆衣（精二立绘）,炎,龙门,,,Skade,1165/2398,346/725,204/396,0/0,中等 25秒,6月8日,1,快 1.0秒,,,,,,,,,,,,,,
205,霜华,Frost,蒂娜・莲・曾,夹子妹,女,黑发,蓝瞳,172cm,5月4日,未知人类,特种,,机械设计、材料学、狩猎,,未知加拿大,彩虹小队,,,Ubisoft,635/1359,240/529,64/157,0/0,慢 70秒,11月13日,1,快 0.85秒,,,,,,,,,,,,,,
206,贝娜,Bena,,绝育萝莉,女,金发,红瞳,143cm,4月3日,卡普里尼,特种,,货物储存、人偶制作、服装制作、园艺,萝莉、剪刀、角,维多利亚,,,,下野宏铭,1139/2435,309/682,130/315,0/0,慢 80秒,15/17,2,中等 1.2秒,,,,,,,,,,,,,,
207,绮良,Kirara,云母,绮良绮影,女,紫发,紫瞳,160cm,11月29日,阿戈尔,特种,,编程、高难游戏攻略,宅女、社恐、触手、内层挑染、玩家、程序员、短靴,东国,,,,我妻洛酱,849/1780,372/798,141/340,10月30日,慢 70秒,18/20,0,慢 3.5秒,,,,,,,,,,,,,,
208,见行者,Enforcer,艾泽尔・帕斯托莱,泥岩小队践行者、阿见,男,银发,紫瞳,176cm,1月30日,萨科塔,特种,,逻辑推理（琐事）、交际（倾听）,温柔、老好人、光环、天使、光翼、美少年、手套、西装裤、铳械、公务员、遮眼发、外套披肩（精二立绘）,拉特兰,拉特兰公证所,,《Best Moments of...》,Chuzenji,825/1937,285/653,158/381,0/0,慢 70秒,20/22,2,中等 1.2秒,,,,,,,,,,,,,,
209,风丸,Kazemaru,,凯特,女,白发,黑瞳,157cm,12月29日,菲林,特种,,忍术、伪装、潜入行动,猫耳、猫娘、忍者、长短靴,东国,,,,温泉瓜,1109/2372,313/692,131/318,0/0,慢 70秒,13/15,2,中等 1.2秒,,维多利亚,,,,,,,,,,,,
210,空构,Spuria,斯普莉雅,,女,蓝发,青瞳,159cm,8月20日,萨科塔,特种,,精密机械技术，通信,公务员、学妹、短发、手套、工程师、运动鞋、逃学、光环、翅膀,拉特兰,,,,おぐち,805/1893,233/662,53/138,10月10日,慢 70秒,10月12日,1,较慢 1.3秒,,,远程位,,,,,,,,,,,
211,杏仁,Almond,罗拉・阿里亚斯,,女,银发,蓝瞳,140cm,2月27日,佩洛,特种,,,语速快、犬耳、短发、遮阳帽、百褶裙、短袜、运动鞋,哥伦比亚,,,,直立行走,921/2130,299/695,179/410,0/0,慢 70秒,11月13日,2,慢 1.8秒,,黑钢国际,,,,,,,,,,,,
212,红豆,Vigna,,豆子龙,女,红发,红瞳,142cm,12月12日,萨卡兹,先锋,,电吉他、枪术,贝雷帽、鸳鸯袜、绝对领域、领带、贫乳、尾扎长发、下双马尾、角、傲娇、元气、认真、长枪、恶魔、吉他、摇滚悠然假日：泳装、裸足漆黑热浪：长短袜,卡兹戴尔,,,《Rock the Night Away》,下野宏铭,724/1845,248/558,152/351,0/0,慢 70秒,9月11日,1,快 1.0秒,,,,,,,R105,,,,,,,
213,清道夫,Scavenger,哈莫琳,,女,白发,金瞳,164cm,8月22日,札拉克,先锋,佣兵,野外生存、危险物处理,兽耳、鼠娘、巨剑、尾巴、分离袖子、露腋、手套、过膝靴、黑色过膝袜、腿环、百合、孤僻、毒舌、佣兵、杀手、不悯,未公开,S.W.E.E.P原型,,,戏言咸咸,693/1835,185/470,136/310,0/0,慢 70秒,10月12日,2,中等 1.05秒,,,,,,,,,,,,,,
214,桃金娘,Myrtle,,桃子、天人花、拿破仑、法国干员,女,红发,绿瞳,131cm,12月13日,杜林,先锋,,集团械斗,呆毛、尖耳、外套半脱、露脐装、落地投降、落荒而逃、合法萝莉、超长袖、美人痣,未公开,,,《A Grand Adventure》,咩煲,658/1565,231/520,138/300,0/0,慢 70秒,8月10日,1,较慢 1.3秒,,,,,,,,,,,,,,
215,讯使,Courier,魏斯,香香鹿、讯哥儿,男,黑发,绿瞳,177cm,3月5日,依特拉,先锋,斥候,传讯,兽耳、护目镜、围巾、紧身衣、弯刀、忠犬、温柔、体香、伤疤、腹肌,谢拉格,喀兰贸易,,,龙崎いち,758/1985,170/435,137/322,0/0,慢 70秒,10月12日,2,中等 1.05秒,,,,,,,,,,,,,,
216,豆苗,Beanstalk,,豆芽,女,米发,红瞳,155cm,3月10日,瑞柏巴,先锋,,饲育、配置饲料、写作（企划书）,农家女、商人、宠物相伴、弩、手套、吊眼、探险帽、死亡发型,哥伦比亚,,,,一千,702/1569,171/405,43/125,0,慢 70秒,11月13日,1,快 1.0秒,,,,,,,,,,,,,,
217,艾丝黛尔,Estelle,,小公主,女,绿发,棕瞳,162cm,2月14日,阿达克利斯,近卫,突击手,野外生存、格斗,露脐装、巨乳、尾巴、角,未公开,,,,鸭,1140/2500,278/690,133/315,0,慢 70秒,18/20/22,2月3日,中等 1.2秒,,,,,,,,,,,,,,
218,缠丸,Matoimaru,,,女,银发,红瞳,172cm,1月3日,鬼,近卫,,S刀术、插花,尾扎长发、角、巨乳、反差萌、S刀、黑丝、木屐（精二）,东,,,,龙崎いち,1514/3640,396/916,70/156,0,慢 70秒,15/17,1,较慢 1.5秒,,,,,,,,,,,,,,
219,杜宾,Dobermann,,热情的歌迷,女,黑发,褐瞳,163cm,5月27日,佩洛,近卫,教官,军事教育、心理学、审讯,御姐、皮鞭、黑长直、军人、巨乳、有胸的帅哥、冰美人、兽耳、尾巴、露脐装、军装（皮肤）,玻利瓦尔,,,,LLC,818/2024,264/602,178/382,0/0,慢 70秒,13/15,2,中等 1.05秒,,,,,,,,,,,,,,
220,猎蜂,Beehunter,舒拉,空条蜂太郎、猎蜂之星、地面能天使、白金之蜂,女,黄发,紫瞳,163cm,10月2日,乌萨斯,近卫,拳击手,拳击,吃货、短发、遮眼发、兽耳、粗口,乌萨斯,,,,toast,1151/2435,211/513,131/312,0,慢 70秒,7月9日,1,非常快 0.78秒,,,,45.2kg,,,,,,,,,,
221,慕斯,Mousse,,激动的歌迷、小点心,女,橘发,翠绿瞳,154cm,8月19日,菲林,近卫,糕点学徒,糕点制作、侦察,猫耳、萝莉、尾巴、哥特萝莉装、猫奴、猫又、过膝靴、大小姐、妹妹,维多利亚,,,,Iritoa,1069/2345,273/644,158/357,10月15日,慢 70秒,18/20,1,较慢 1.25秒,,,,,,,,,,,,,,
222,霜叶,Frostleaf,,,女,银发,红瞳,157cm,5月1日,沃尔珀,近卫,士兵,枪术、钝器,斧枪、耳机、少年兵、狐娘、露肩装、冰美人、孤僻、外套半脱(精一)、黑色连裤袜、美甲、白发红眼,哥伦比亚,,接受矿石病治疗,《Rock the Night Away》,下野宏铭,949/2260,272/660,154/323,5月10日,慢 70秒,16/18,2,较慢 1.3秒,,,,,,,,,,,,,,
223,宴,Utage,,,女,黄发,粉瞳,161cm,4月4日,不明,近卫,,甲绘、发卡搜集,巨乳、黑色过膝袜、绝对领域、中长发、兽耳、尾巴、天然黑、S属性、美甲、族长,东国,,,,釜饭轰々丸,1413/3444,309/693,150/312,0,慢 70秒,20/22/24,1,中等 1.2秒,,,,,,,,,,,,,,
224,断罪者,Conviction,,定罪者、艺术拳法家、内鬼,断罪,深蓝发,褐瞳,145cm,未知,未知（疑似黎博利）,近卫,拳术传人,断罪拳法、电车难题,猫箱性别,古国阿加门（现米诺斯地区）,,,,TOMATO,1449/3483,402/929,74/166,0,慢 70秒,14/16,1,较慢 1.5秒,,,,,,,,,,,,,,
225,刻刀,Cutter,,合成玉成精,女,灰发,红瞳,155cm,5月2日,沃尔珀,近卫,,刀术、烹饪（爆破）,佣兵、黑暗料理、狐娘、兽耳、尾巴、短发、外套半脱、迷你裙、露肩装、创可贴,哥伦比亚,,,,下野宏铭,990/2320,233/571,142/325,0/0,慢 70秒,17/19/21,2,慢 1.3秒,,,,,,,,,,,,,,
226,芳汀,Arene,,,男,灰发,绿瞳,161cm,9月7日,萨科塔,近卫,,源石技艺（苯）、毒理学,天使、光环、翅膀、抖S、合法正太、毒舌、毒能力、过膝靴、腿环、绝对领域、法杖、运动鞋（皮肤）,拉特兰,,,,umo_yszx,945/2250,263/640,162/340,5月10日,慢 70秒,16/18,2,较慢 1.3秒,,,,,,,,,,,,,,
227,杰克,Jackie,,成龙,女,黑发,棕瞳,157cm,9月15日,佩洛,近卫,,人际关系（交好）、后空翻,犬耳、尾巴、护膝、手套、百褶裙、领带,哥伦比亚,哥伦比亚辅警→罗德岛,于罗德岛接受治疗,,Nagu,1124/2378,218/529,129/308,0/0,慢 70秒,7月9日,1,非常快 0.78秒,,,,,,,,,,,,,,
228,罗小黑,Luo Xiaohei,,,男,白发,,,11月1日,菲林,近卫,,金属塑性、信件投送,,未知,,,,九日九号,856/2040,287/698,154/325,5月10日,慢 70秒,15/17,2,较慢 1.3秒,,,,,,,,,,,,,,
229,石英,Quartz,,,女,白发+灰色挑染,左红瞳、右金瞳,173cm,8月13日,鲁珀,近卫,,时间管理、荒野大锅饭,眼罩、异色瞳、披风,哥伦比亚,,,,伍秋秋秋秋,2229/5432,620/1387,0/0,0/0,慢 70秒,18/20/22,2,慢 2.5秒,,,近战位,,,,,,,,,,,
230,休谟斯,Humus,,,男,红发,暗金瞳,185cm,2月20日,丰蹄,近卫,,,,哥伦比亚,,,,我妻洛酱,882/2150,275/616,194/403,0/0,慢 70秒,18/20/22,2001/2/2,较慢 1.3秒,,,近战位,,,,,,,,,,,
231,安比尔,Ambriel,,安茄尔、瓜天使,女,粉发,紫瞳,160cm,1月13日,萨科塔,狙击,,射击（长铳）、铳械改造,天使、半马尾、光环、翅膀、黑色过膝袜、中靴、吃瓜、粉毛、Pocky,拉特兰,,,,m9nokuro,785/1595,437/977,60/122,0/0,慢 70秒,18/20,1,慢 2.7秒,,,,,,,,,,,,,,
232,白雪,ShiraYuki,,,女,白发,蓝瞳,154cm,7月20日,阿纳缇,狙击,情报人员,暗杀、侦察,忍者、兽耳、尾巴、手套、无口、口罩、白毛、保镖,东,,,,阿鬼,834/1630,347/797,51/100,0/0,慢 70秒,23/25/27,1,慢 2.8秒,,,,,,,,,,,,,,
233,红云,Vermeil,,,,黄发,橘瞳,153cm,6月25日,沃尔珀,狙击,,野外生存、狩猎,傲娇、猎人、兽耳、义肢、弓、露脐装、M形刘海、特殊第一人称,不明,罗德岛,供职于罗德岛并接受治疗,,KENTllaall,550/1230,166/485,57/162,0/0,慢 70秒,10月12日,1,快 1.0秒,,叙拉古→罗德岛,,,,,,,,,,,,
234,杰西卡,Jessica,杰西卡・布林雷,富婆、流泪猫猫头,,蓝发+粉发挑染,绿瞳,147cm,3月3日,菲林,狙击,,射击（铳）,猫娘、单马尾、手套、弱气、爱哭鬼、富萝莉,维多利亚,黑钢国际,,《随意随意呀》《Beautiful & Lovely》,m9nokuro,604/1320,163/475,54/154,0/0,慢 70秒,10月12日,1,快 1.0秒,,,,,,,,,,,,,,
235,流星,Meteor,,,女,黑发,绿瞳,164cm,5月1日,库兰塔,狙击,狙击手,射击（长弓）、越障,长刘海、温柔、露脐装、项圈、挑染、长靴,卡西米尔,,,,HUG,612/1370,159/465,58/165,0/0,慢 70秒,10月12日,1,快 1.0秒,,,,,,,,,,,,,,
236,梅,May,梅缇丝・杰拉尔丁,旧增干员、皇家侦探（自称）,女,灰粉发,青瞳,151cm,5月1日,黎博利,狙击,,刑侦、射击（泰瑟）、推理（文字）,眼镜、口癖、侦探、冒失、腿环、手套,维多利亚,,,,下野宏铭,730/1632,186/478,36/105,0,慢 70秒,10月12日,1,快 1.0秒,,,,,,,,,,,,,,
237,酸糖,Aciddrop,,,女,棕发,蓝瞳,150cm,8月13日,黎博利,狙击,,滑板 街舞 涂鸦 跑酷,墨镜、呆毛、M形刘海、隐藏巨乳、黑色过膝袜、腿环、弩箭、正义感,哥伦比亚,,,,Lanzi,671/1576,313/735,79/209,0/0,慢 70秒,14/16/18,1,较慢 1.6秒,,,,,,,,,,,,,,
238,松果,Pinecone,米娜,,女,橘红发,橘红瞳,148cm,3月12日,黎博利,狙击,,木工、修理、建筑工,冒失、迷糊、吊带裙、吊带袜、高领毛衣、中分、打工人（曾经）,哥伦比亚,,,,TrNyteal,977/2200,303/667,90/167,0/0,慢 70秒,27/30,1,慢 2.3秒,,,,,,,,,,,,,,
239,铅踝,Totter,,杰斯顿、丹增,男,深灰发,青瞳,185cm,6月21日,黎博利,狙击,,食物储存、仓库管理,,萨尔贡,,,,板板,706/1550,439/920,51/105,0/0,慢 70秒,20/22,1,慢 2.4秒,,,,,,,,,,,,,,
240,古米,Гум,拉达,小熊、小熊饼干、Gummy、糖糖熊,女,金发,橙瞳,155cm,10月2日,乌萨斯,重装,学生,烹饪,兽耳、双马尾、发夹、连裤袜、玛丽珍鞋、小天使、料理达人、怪力、第三人称己称、PTSD,乌萨斯帝国切尔诺伯格市,乌萨斯学生自治团,,《从那高地上远眺》,Skade,1059/2550,179/435,234/562,10月10日,慢 70秒,16/18/20,2月3日,中等 1.2秒,,,,,,,,,,,,,,
241,坚雷,Dur-nar,玛凯拉?春雷,,女,紫发,紫瞳,160cm,8月11日,沃尔珀,重装,,整备、演习,巨乳、丰满、贝雷帽、吃货、退役军人、富有正义感、大脚裤,哥伦比亚,,,,下野宏铭,1201/3007,244/583,220/548,2005/10/15,慢 70秒,20/22/24,3,较慢 1.6秒,,,,,,,,,,,,,,
242,角峰,Matterhorn,马特洪・耶克,jio峰、牛爷爷、角峰p,男,棕发,黑瞳,182cm,5月19日,丰蹄,重装,护卫,料理、格斗,角、大叔、盾牌、料理达人,谢拉格,喀兰贸易,,,龙崎いち,1273/3235,198/375,241/670,5月5日,慢 70秒,17/19/21,3,中等 1.2秒,,,,,,,,,,,,,,
243,蛇屠箱,Cuora,,色图箱、自闭箱、龟龟、完美的女人,女,棕发,绿瞳,148cm,,匹特拉姆,重装,棒球爱好者,棒球,失忆、元气、麻花辫、棒球棒、短袜、帆布鞋、天然呆、路痴、挑染、露脐装,未公开,,,,Skade,1221/3105,193/365,249/690,0/0,慢 70秒,17/19/21,3,中等 1.2秒,,,,,,,,,,,,,,
244,泡泡,Bubble,,钢背兽,女,棕发,黄瞳,135cm,3月19日,塞拉托,重装,,冲刺、破坏,萝莉、冒失、熊孩子,萨尔贡,,,,Cenm0,1344/3416,195/370,232/645,0/0,慢 70秒,17/19/21,3,中等 1.2秒,,,,,,,,,,,,,,
245,调香师,Perfumer,莱娜,姐姐、娜娜,女,棕发,棕瞳,158cm,1月30日,沃尔珀,医疗,园艺师、调香师,香料应用、药理学,大小姐、狐耳、狐娘、温柔、园艺师、调香师、拖把奶人,米诺斯,,,,Lanzi,710/1560,117/320,69/145,0/0,慢 70秒,14/16,1,慢 2.85秒,,,,,,,,,,,,,,
246,嘉维尔,Gavial,,Crocogirl、神医（法老王钦定）,女,绿发,金瞳,163cm,5月1日,阿达克利斯,医疗,医生,源石技艺（医疗）、临床医学、湿地骨科,强气、尖耳、下乳、隐藏巨乳、治疗（物理）、大酋长、有胸的帅哥,未公开,,,,LLC,851/1580,159/450,66/152,0/0,慢 70秒,16/18,1,慢 2.85秒,,,,,,,,,,,,,,
247,末药,Myrrh,阿德莱,,女,红发,绿瞳,143cm,5月5日,沃尔珀,医疗,药剂师,药理学、化学,眼镜、狐耳、尾巴、腿环、内向、呆毛、老中医,未公开,,,《春弦》,下野宏铭,752/1420,161/465,57/131,0/0,慢 70秒,16/18,1,慢 2.85秒,,,,,,,,,,,,,,
248,苏苏洛,Sussurro,,冥土追魂、杯盖,女,粉发,蓝瞳,142cm,9月4日,沃尔珀,医疗,,战地急救、健康护理,狐娘、小天使、合法萝莉、黑色连裤袜、运动鞋、剪发、贫乳,叙拉古,,,,将,725/1345,173/488,53/122,0/0,70秒,16/18,1,慢 2.85秒,,,,,,,,,,,,,,
249,清流,Purestream,,水兔子、水属性阿米娅、液态驴,女,紫发,蓝瞳,155cm,10月24日,阿戈尔,医疗,,净水、游泳（花式）,村姑、下双马尾、短靴,炎国,,,,唯@W,748/1365,159/454,51/118,10月10日,慢 80秒,17/19,1,慢 2.85秒,,,,,,,,,,,,,,
250,褐果,Chestnut,,,男,,,132cm,3月15日,杜林,医疗,,开采矿物 地质勘查,合法正太、褐色皮肤、法杖、医生、温柔,未公开,,,,树豚,623/1137,136/389,44/101,10月10日,慢 70秒,12月14日,1,慢 2.85秒,,,,,,,,,,,,,,
251,地灵,Earthspirit,格拉西艾尔・魏格妮,范克图尔的大师,女,粉金发,蓝瞳,161cm,4月5日,卡普里尼,辅助,地质学家,地质学、音流学,双角、社畜、学者、贫乳、土能力,莱塔尼亚,,,,HUG,548/1205,202/480,46/101,10月20日,慢 70秒,12月14日,1,慢 1.9s,,,,,,,,,,,,,,
252,深海色,De角色EPcolor,,葛饰北斋,女,棕发+红渐变/蓝渐变（精二）,黄瞳（初始）、蓝瞳（精二）,163cm,6月12日,未公开,辅助,画师,绘画、模型制作,触手、眼镜、画家、巨乳、围巾、腿环、短袜、短靴、渐变发色,未公开/哥伦比亚（自称）,,,,REALMBW,472/1050,181/403,53/125,10月15日,慢 70秒,8月10日,1,较慢 1.6秒,,,,,,,,,,,,,,
253,波登可,Podenco,,波司登、罗德岛关云长,女,淡黄发,青瞳,145cm,3月25日,佩洛,辅助,,花卉栽培、农作物改良,园艺师、小天使、犬娘、犬耳、尾巴、法杖、透明裙子、项圈、腿环、长靴精二：短裤、吊带袜小憩初醒：睡衣、拖鞋,玻利瓦尔,,,《Your Star》,アシマ,528/1163,208/492,43/96,10/15/20,慢 70秒,12月14日,1,慢 1.9秒,,,,,,,,,,,,,,
254,罗比塔,Roberta,罗比塔・贝克,“芭比”,女,棕发,棕瞳,155cm,5月10日,阿纳缇,辅助,,人体造型科学理论及技术应用,化妆师、护目镜、尾巴、残念系,哥伦比亚,罗德岛,,,IRIS_呓,1123/2470,226/535,188/415,0/0,慢 70秒,13/15/17,2,较慢 1.5秒,工匠,,,,,,,,,,,,,
255,格雷伊,Greyy,,小电狗、小奶狗,男,棕发,棕瞳,163cm,6月6日,佩洛,术师,,源石技艺（电）、家政、识图,正太、天然呆,玻利瓦尔,,,,我妻洛酱,529/1537,324/699,52/130,10/15/20,慢 70秒,29/32,1,慢 2.9秒,,罗德岛,,,,,,,,,,,,
256,夜烟,Haze,,捆绑Play♂少女、夜雨魔理烟,女,银发,金瞳,159cm,1月2日,菲林,术师,盗贼,盗窃、潜行、法术,猫娘、手铐、囚服、魔法帽子,维多利亚,,,,Skade,619/1420,253/583,42/110,10/15/20,慢 70秒,17/19,1,较慢 1.6秒,,,,,,,,,,,,,,
257,远山,Gitano,拉格娜,,女,银发,绿瞳,171cm,1月15日,埃拉菲亚,术师,占卜师,占卜、法术,御姐、巨乳、过膝靴、占卜师、水晶球、塔罗牌,萨米,,,,谜肘,653/1598,332/715,47/118,10/15/20,慢 70秒,29/32,1,慢 2.9秒,,,,,,,,,,,,,,
258,卡达,Click,,机灵鼠小妹天才儿童,女,白发,蓝瞳在情绪高昂时会变成红瞳,144cm,5月9日,扎拉克,术师,,野外求生、摄影、剪辑,鼠娘、元气、正莉、伪郎,未公开,,,,れおえん,589/1440,145/315,47/120,10/15/20,较慢 70秒,18/20,1,快 1.3秒,,,,,,,,,,,,,,
259,深靛,Indigo,艾莉亚,深腚,女,亚麻发,紫瞳,167cm,9月30日,斐迪亚,术师,,灯光艺术、“毒物”之友,蛇娘、超长发、腿环、披肩侧单马尾、魔法杖、迷糊,伊比利亚,,,,织布机loom,625/1435,486/1116,44/117,20,慢 70秒,21/23,1,慢 3.0秒,,,,,,,,,,,,,,
260,布丁,Pudding,,,女,粉发,紫瞳,156cm,12月21日,阿戈尔,术师,,电气工程,蝴蝶结、腿环、玩偶、粗眉、脸纹、双马尾,哥伦比亚,,,,折射镜,542/1326,241/542,39/108,20/20,慢 70秒,29/32,1,慢 2.3秒,,哥伦比亚,,,,,,,,,,,,
261,阿消,Shaw,,消哥、真正的推进之王、龙门第一rapper,女,棕发,棕瞳,135cm,1月5日,扎拉克,特种,,消防安全技术、食品贮藏,语速快、萝莉、兽耳、尾巴、消防员、特殊第一人称,龙门,,,《Melting White》,阿鬼,824/1785,252/580,151/365,0/0,慢 70秒,17/19,2,中等 1.2秒,,,,,,,,,,,,,,
262,暗索,Rope,,窃格瓦拉,女,紫发,灰瞳,155cm,4月4日,卡特斯,特种,盗贼,盗窃技术,小偷、兔耳、黑丝,雷姆必拓,,,,m9nokuro,744/1720,313/728,142/325,0,慢 70秒,10月12日,2,慢 1.8秒,,,,,,,,,,,,,,
263,砾,Gravel,塞诺蜜,石乐,女,粉发,棕瞳,156cm,1月20日,扎拉克,特种,骑士,潜行,温柔、doctor love、黑色过膝袜、长靴、痴女、连体衣、外套半脱、条形码,卡西米尔,,,,龙崎いち,663/1420,176/452,151/335,0/0,快 18秒,6月8日,1,快 0.93秒,,,,,,,,,,,,,,
264,伊桑,Ethan,,火力少年王,男,蓝发,白瞳,163cm,1月29日,萨弗拉,特种,,潜行、喷漆、Double A,护目镜、阿卡林,未公开,,,《Zone 10??》《ManiFesto:》,阿鬼,730/1530,346/742,139/337,10月30日,慢 70秒,17/19,0,慢 3.5秒,,,,,,,,,,,,,,
265,孑,Jaye,,子、孑哥、深海猎人猎人、二孑堂大和,男,白发,白瞳,174cm,9月17日,乌萨斯,特种,,地摊经济、厨艺（刀功）,刀、兽耳、反差萌、伤疤、口罩、小贩、三白眼,龙门,罗德岛,就职于罗德岛,,阿鬼,1110/2284,321/674,195/378,0/0,中等 25秒,5月7日,1,快 1.0秒,,,,,,,,,,,,,,
266,芬,Fang,,芳、芬队,女,蓝发,蓝瞳,158cm,12月2日,库兰塔,先锋,受训突击手,田径,兽耳、黑色及膝袜、短靴、长枪、元气、超长发、眼镜（时装限定）、尾扎长发（时装限定）、围巾（时装限定）,卡西米尔,罗德岛行动预备组A1,,《示岁》,下野宏铭,742/1325,157/325,130/260,0/0,慢 70秒,9月11日,2,中等 1.05秒,,,,,,,,,,,,,,
267,翎羽,Plume,蕾亚,鲮鱼、小羽毛,女,棕发,金瞳,158cm,10月28日,黎博利,先锋,,警备、枪术、巡逻,呆毛、贝雷帽、吊带袜、斧枪、伪郎、认真、M形刘海,拉特兰,拉特兰戍卫队→罗德岛,,,deel,688/1226,229/445,148/279,0/0,慢 70秒,8月10日,1,快 1.0秒,,,,,,,LT05,,,,,,,
268,香草,Vanilla,,,女,金发,红瞳,172cm,2月16日,瓦伊凡,先锋,受训先锋,斧技,角、巨乳、尾巴、长短袜、过膝袜、土妹子、喜爱动物、斧,瓦伊凡,黑钢国际,,《Beautiful & Lovely》,m9nokuro,711/1270,168/355,128/240,0/0,慢 70秒,9月11日,2,中等 1.05秒,,,,,,,,,,,,,,
269,玫兰莎,Melantha,,小玫、玫剑圣,,紫发,粉红瞳,161cm,3月19日,菲林,近卫,受训突击手,剑技,猫耳、尾巴、剑圣、无口、长发、大小姐、优等生、黑色过膝袜、腿环,维多利亚,行动预备组A4,担任行动预备组A4队长,,一立里子,1395/2745,396/738,83/155,0/0,慢 70秒,13/15,1,较慢 1.5秒,,,,,,,,,,,,,,
270,泡普卡,Popukar,,小鲍勃、鲍勃卡、欢乐喜锯人,女,紫发,红瞳,144cm,7月2日,卡特斯,近卫,,械斗、战术攻坚,萝莉、天真无邪、第三人称己称、眼罩、怪力、过膝袜、电锯、猫嘴,雷姆必拓,行动预备组A6,,,下野宏铭,1130/1858,263/495,126/245,0,慢 70秒,17/19,2,中等 1.2秒,,,,,,,,,,,,,,
271,月见夜,Midnight,,东夜魔王、小夜（母上限定，见干员密录）,男,黑,粉瞳,187cm,5月20日,萨卡兹,近卫,,源石技艺、剑术、话术,牛郎、乱发、挑染、夹克、项圈、刀剑、梦魔,东国,行动预备组A6,,,龙崎いち,879/1653,252/497,162/282,5月10日,慢 70秒,14/16,2,较慢 1.3秒,,,,68.9kg,,,,,,,,,,
272,安德切尔,Adnachiel,,安天使、史都华德,男,白发,金瞳,171cm,5月30日,萨科塔,狙击,受训狙击手,修理,弩、光环、项圈、手套、天使、耳机,拉特兰,行动预备组A4,现于罗德岛行动预备组A4小组任职,,一立里子,531/1080,150/365,55/134,0/0,慢 70秒,9月11日,1,快 1.0秒,,,,,,,,,,,,,,
273,克洛丝,Kroos,,克天使、大能天使、罗德岛第一盲狙、kokodayo、kkdy、酷酷队员,女,橙发,绿瞳,154cm,11月22日,卡特斯,狙击,受训狙击手,射击（弩）,眯眯眼、腹黑、创可贴、腿环,雷姆必拓,行动预备组A1,,《示岁》,下野宏铭,545/1060,154/375,52/126,0/0,慢 70秒,9月11日,1,快 1.0秒,,,,,,,,,,,,,,
274,空爆,Catapult,阿莱塔,,女,棕发（发尾挑染成红色）,绿瞳,163cm,8月8日,库兰塔,狙击,,越障、定向爆破、开锁,叛逆、话痨、搞事、挑染、露脐装,卡西米尔,行动预备组A6,,,m9nokuro,736/1150,340/617,51/85,0/0,慢 70秒,21/23,1,慢 2.8秒,,,,,,,,,,,,,,
275,斑点,Spot,博克依・博尔努,,男,,,169cm,4月30日,瑞柏巴,重装,,小队防卫、模型制作,兽人、盾牌、嘴臭、阴阳怪气,萨尔贡,行动预备组A6,,,阿鬼,1057/1833,165/320,225/442,10月10日,慢 70秒,15/17,2月3日,中等 1.2秒,,,,,,,,,,,,,,
276,卡缇,Cardigan,梅莉,渴望精二的三星干员,女,亚麻发,紫瞳,156cm,8月2日,佩洛,重装,受训护卫,田径,元气、护目镜、低马尾、运动少女、手套、长女、实姐、冒失,莱塔尼亚,行动预备组A4,,,一立里子,1197/2130,190/305,229/475,0/0,慢 70秒,16/18,3,中等 1.2秒,,,,,,,,,,,,,,
277,米格鲁,Beagle,,,女,橙发,红瞳,154cm,3月2日,佩洛,重装,受训护卫,学习,眼镜、盾牌、弱气、好学生,玻利瓦尔,行动预备组A1,,《示岁》,下野宏铭,1144/2035,184/295,242/490,0/0,慢 70秒,16/18,3,中等 1.2秒,,,,,,,,,,,,,,
278,安赛尔,Ansel,,赛卢医、安猛男、安塞尔,男,粉发,红瞳,163cm,1月31日,卡特斯,医疗,受训医师,医护,兔耳、项圈、合法正太、医生、养子、哥哥、弟弟、手套、病弱、认真、可靠、猛男、露脐（时装限定）,雷姆必拓,行动预备组A4,,,一立里子,634/1135,156/362,60/109,0,慢 70秒,15/17,1,慢 2.85秒,,,,,,,,,,,,,,
279,芙蓉,Hibiscus,,ハイビス,女,紫发,紫瞳,153cm,6月21日,萨卡兹,医疗,受训医务员,护理、法术治疗,姐姐、花边短袜、帆布鞋、黑暗料理,维多利亚,行动预备组A1,,《示岁》,下野宏铭,682/1220,153/345,61/110,0/0,慢 70秒,15/17,1,慢 2.85秒,,,,,,,,,,,,,,
280,梓兰,Orchid,,梓良梓影、我岛时尚大师、铁面女强人,女,白发,金瞳,164cm,1月15日,黎博利,辅助,,源石技艺、文件处理,OL、高跟鞋、巨乳、雨伞、苦劳人、常识人,哥伦比亚,罗德岛行动预备组A6,供职于罗德岛并接受治疗,,Skade,553/935,192/378,44/83,10月15日,慢 70秒,10月12日,1,慢 1.9秒,,哥伦比亚→罗德岛,,,,,,,,,,,,
281,史都华德,Steward,,安德切尔,男,浅蓝发,浅蓝瞳,172cm,12月24日,沃尔珀,术师,受训术师,法术,兽耳、尾巴、手套、池面、老好人、项圈、腿环、雪地靴,谢拉格,行动预备组A4,,,一立里子,592/1100,249/470,38/90,10月15日,慢 70秒,16/18,1,较慢 1.6秒,,,,,,,,,,,,,,
282,炎熔,Lava,,小炎熔,女,紫发,紫瞳,154cm,6月22日,萨卡兹,术师,受训术师,通灵、源石技艺,中二、妹妹、露脐装、长靴、傲娇,维多利亚,（前）行动预备组A1,已转正,《示岁》,下野宏铭,614/1141,321/582,60/95,10月15日,慢 70秒,27/30,1,慢 2.9秒,,,,,,,,,,,,,,
283,夜刀,Yato,,夜刃、公主殿下,女,棕发,蓝瞳,161cm,5月14日,鬼,先锋,突击手,刀技,三无、黑丝、眼罩、角、中靴、阿卡林、畏光,东,罗德岛行动组A4,,,Skade,721/1030,150/232,134/192,0/0,慢 70秒,7,2,中等 1.05秒,,,,,,,,,,,,,,
284,巡林者,Rangers,,血色山谷的弯刀,男,,红瞳,179cm,7月22日,萨弗拉,狙击,狙击手,射击（弓）,长者、尾巴、弓箭、兽人,未公开,行动组A4,,,龙崎いち,546/780,161/269,46/66,0/0,慢 70秒,5月7日,1,快 1.0秒,,,,,,,,,,,,,,
285,黑角,Noir Corne,,黑jio、罗德岛炮火先兆者,男,黄发,,,8月30日,鬼,重装,护卫,整备,面具、角、特殊第一人称,东,行动组A4,,,龙崎いち,1219/1670,180/240,220/315,0/0,慢 70秒,14,3,中等 1.2秒,,,,,,,,,,,,,,
286,12F,,,46A、太子爷,男,,黄瞳,181cm,3月3日,萨弗拉,术师,,源石技艺（求生）,,不明,,,,海猫络合物,1461/1461,302/432,31/50,10月10日,慢 70秒,24,1,慢 2.9秒,,,,,,,,,,,,,,
287,杜林,Durin,,,女,金发,蓝瞳,131cm,12月15日,杜林,术师,,入眠,萝莉、御姐、过膝袜、黑丝、绝对领域、慵懒、睡神、光头,未公开,行动组A4,,《A Grand Adventure》,Skade,571/952,224/340,36/62,10月10日,慢 70秒,12,1,较慢 1.6秒,,,,,,,,,,,,,,
288,Castle-3,,,近卫小车、寇马克,男,,,167cm,,,近卫,,,机器人、忠犬,,罗德岛,,《夏浪》,TOKI,928/1191,247/353,63/90,0/0,非常慢 200秒,3,1,较慢 1.5秒,,,,,,,,,,,12月10日,哥伦比亚,,
289,正义骑士号,"""Justice Knight""",,狙击小车、外卖车、快递车,女,,,160cm,,,狙击,,生活便利服务,机器人、第三人称己称,,红松骑士团,,,NoriZC,396/495,137/172,32/41,0/0,非常慢 200秒,3,1,快 1.0秒,,,,,,,,,,,1月21日,哥伦比亚,,
290,泰拉大陆调查团,Terra Research Commission,工匠猫、学者猫、随从艾露猫,艾露猫特别行动小组,,黄发&棕发（工匠猫）、白发（学者猫）、棕发&黄发（随从艾露猫）,绿瞳（工匠猫）、左蓝瞳右金瞳（学者猫）,,,未公开艾露猫,狙击,,特殊生物应对,猫、异世界猫、口癖、三人组工匠猫：元气、冒失学者猫：眼镜、傲娇随从艾露猫：长者、不露脸,未知（工匠猫来自波凯村，学者猫来自贝鲁纳村，随从艾露猫来自可可特村）,,,,桃色miruku,414/518,220/276,40/51,0/0,非常慢 200秒,3,1,非常慢 2.1秒,,,,,,,,,,,,,,
291,Lancet-2,,雷神存在者S-Typer62六轮作业平台,医疗小车、馒头,女,,,149cm,,,医疗,,,机器人,,罗德岛,,《夏浪》,TOKI,261/435,42/70,16/27,0/0,非常慢 200秒,3,1,慢 2.85秒,,,,,,,,,,,5月12日,哥伦比亚,保密,
292,U-Official,,尤里卡,主播U、人形天灾,女,粉发,双色（上粉下青）,159cm,1月4日,札拉克,辅助,,,耳机、隐藏巨乳、双螺旋、长短袜、凉鞋、歌手、主持人、主播、元气、冒失、贫穷、不幸、PTSD,未公开,,,,织布机loom,308/385,81/102,22/28,0,非常慢 200秒,3,1,快 1.0秒,,,远程位,,,,,,,,,,,
293,THRM-EX,Thermal-EX,,特种小车、自爆卡车、摔炮,,,,160cm,,,特种,,冲击、热冲击,机器人、自爆,,,,《夏浪》,TOKI,1154/1443,208/260,354/443,50,非常慢 200秒,3,0,快 0.93秒,,,,,,,,,,,2月15日,哥伦比亚,保密,男
